Frame Number,Main Thread,System Used Memory,GC Reserved Memory,Total Reserved Memory,NFE Snapshot Tick,NFE Snapshot Size (bits),NFE RTT,NFE Jitter,Multiplay FPS,Multiplay BitRate In,Multiplay BitRate Out,Multiplay RTT(ms),Multiplay PacketLoss,Number of Terrain Areas (Server),Number of Players (Client),Number of Players (Server),Number of Terrain Areas (Client),dtime,
2,0,0,0,0,0,0,0,0,0,0,0,0,0,
3,0,737976320,14655488,879341815,0,0,0,0,0,0,0,0,0,
4,294215052,742920192,14655488,879341815,0,0,0,0,0,0,0,0,0,0,0,0,0,
5,13168072,743976960,14655488,879341815,0,0,0,0,0,0,0,0,0,0,0,0,0,
6,14147292,744243200,14655488,879341815,0,0,0,0,0,0,0,0,0,0,0,0,0,
7,29088333,744775680,14655488,879341815,0,0,0,0,0,0,0,0,0,0,0,0,0,
8,12688802,750039040,14655488,915480823,0,0,0,0,0,0,0,0,0,0,0,0,0,
9,15671407,753958912,14655488,919675127,0,0,0,0,0,0,0,0,0,0,0,0,0,
10,19592135,752082944,14655488,917166999,0,0,0,0,0,0,0,0,0,0,0,0,0,
11,15687396,752955392,14655488,917478679,0,0,0,0,0,0,0,0,0,0,0,0,0,
12,18306458,752955392,14655488,917478787,0,0,0,0,0,0,0,0,0,0,0,0,0,
13,14165990,754094080,14655488,917478787,0,0,0,0,0,0,0,0,0,0,0,0,0,
14,15336563,755429376,14655488,917478787,0,0,0,0,0,0,0,0,0,0,0,0,0,
15,14998177,755429376,14655488,917478787,0,0,0,0,0,0,0,0,0,0,0,0,0,
16,26187292,757096448,14655488,917486979,0,0,0,0,0,0,0,0,0,27,0,0,0,
17,75267656,748417024,14655488,919725251,0,0,0,0,0,0,0,0,0,27,0,0,0,
18,21728906,750899200,14655488,1347609795,0,0,0,0,0,0,0,0,0,27,0,0,0,
19,10357657,752533504,14655488,1346561219,0,0,0,0,0,0,0,0,0,27,0,0,0,
20,11792396,753872896,14655488,1346561219,0,0,0,0,0,0,0,0,0,27,0,0,0,
21,14577604,755052544,14655488,1346561219,0,0,0,0,0,0,0,0,0,27,0,0,0,
22,338823333,783372288,14655488,1357083939,0,0,0,0,0,0,0,0,0,27,0,0,0,
23,33280104,792260608,14655488,1367627171,0,0,0,0,0,0,0,0,0,27,0,0,0,
24,15140208,798326784,14655488,1394894275,0,0,0,0,0,0,0,0,0,27,0,0,0,
25,22175625,803803136,14655488,1399088579,0,0,0,0,0,0,0,0,0,27,0,0,0,
26,24516093,810196992,14655488,1403282883,0,0,0,0,0,0,0,0,0,27,0,0,0,
27,13256563,811085824,14655488,1403282883,0,0,0,0,0,0,0,0,0,27,0,0,0,
28,13997760,811876352,14655488,1403282883,0,0,0,0,0,0,0,0,0,27,0,0,0,
29,15402656,812892160,14655488,1403282883,0,0,0,0,0,0,0,0,0,27,0,0,0,
30,29044011,816525312,14655488,1436878379,0,0,0,0,0,0,0,0,0,27,0,0,0,
31,14271615,820613120,14655488,1436919443,0,0,0,0,0,0,0,0,0,27,0,0,0,
32,9026458,823336960,14655488,1436944179,0,0,0,0,0,0,0,0,0,27,0,0,0,
33,11627187,826396672,14655488,1436998483,0,0,0,0,0,0,0,0,0,27,0,0,0,
34,13911927,827342848,14655488,1436871635,0,0,0,0,0,0,0,0,0,27,0,0,0,
35,14100000,830046208,14655488,1453673683,0,0,0,0,0,0,0,0,0,27,0,0,0,
36,17270000,833146880,14655488,1453703251,0,0,0,0,0,0,0,0,0,27,0,0,0,
37,13745781,834015232,14655488,1453703251,0,0,0,0,0,0,0,0,0,27,0,0,0,
38,16283438,836935680,14655488,1453711443,0,0,0,0,0,0,0,0,0,27,0,0,0,
39,15137084,840093696,14655488,1470488659,0,0,0,0,0,0,0,0,0,27,0,0,0,
40,18097968,840929280,14655488,1470543979,0,0,0,0,0,0,0,0,0,27,0,0,0,
41,11914063,844042240,14655488,1487351347,0,0,0,0,0,0,0,0,0,27,0,0,0,
42,12735157,847626240,14655488,1487463659,0,0,0,0,0,0,0,0,0,27,0,0,0,
43,14128333,851296256,14655488,1487468011,0,0,0,0,0,0,0,0,0,27,0,0,0,
44,13017032,854048768,14655488,1504274603,0,0,0,0,0,0,0,0,0,27,0,0,0,
45,13212604,858030080,14655488,1504328627,0,0,0,0,0,0,0,0,0,27,0,0,0,
46,12989948,859009024,14655488,1504337395,0,0,0,0,0,0,0,0,0,27,0,0,0,
47,15203854,862269440,14655488,1504350035,0,0,0,0,0,0,0,0,0,27,0,0,0,
48,13791875,865370112,14655488,1504367091,0,0,0,0,0,0,0,0,0,27,0,0,0,
49,13773542,868241408,14655488,1504408787,0,0,0,0,0,0,0,0,0,27,0,0,0,
50,11216042,870866944,14655488,1521194963,0,0,0,0,0,0,0,0,0,27,0,0,0,
51,14725677,871555072,14655488,1521199411,0,0,0,0,0,0,0,0,0,27,0,0,0,
52,14462187,872136704,14655488,1521199411,0,0,0,0,0,0,0,0,0,27,0,0,0,
53,14252135,873041920,14655488,1521199411,0,0,0,0,0,0,0,0,0,27,0,0,0,
54,14597917,872910848,14655488,1521199411,0,0,0,0,0,0,0,0,0,27,0,0,0,
55,15850989,876290048,14655488,1537984819,0,0,0,0,0,0,0,0,0,27,0,0,0,
56,8984948,876494848,14655488,1537984819,0,0,0,0,0,0,0,0,0,27,0,0,0,
57,16579531,876896256,14655488,1537984819,0,0,0,0,0,0,0,0,0,27,0,0,0,
58,15468386,880082944,14655488,1538001203,0,0,0,0,0,0,0,0,0,27,0,0,0,
59,13301770,878686208,14655488,1538001203,0,0,0,0,0,0,0,0,0,27,0,0,0,
60,13988177,879296512,14655488,1538001203,0,0,0,0,0,0,0,0,0,27,0,0,0,
61,13375833,880324608,14655488,1554778419,0,0,0,0,0,0,0,0,0,27,0,0,0,
62,10776875,880324608,14655488,1554778419,0,0,0,0,0,0,0,0,0,27,0,0,0,
63,21854114,882798592,14655488,1571555635,0,0,0,0,0,0,0,0,0,27,0,0,0,
64,10654479,884015104,14655488,1571543155,0,0,0,0,0,0,0,0,0,27,0,0,0,
65,13768802,886689792,14655488,1571559539,0,0,0,0,0,0,0,0,0,27,0,0,0,
66,13528385,889692160,14655488,1571572275,0,0,0,0,0,0,0,0,0,27,0,0,0,
67,15873177,892268544,14655488,1571605791,0,0,0,0,0,0,0,0,0,27,0,0,0,
68,12293386,895455232,14655488,1571641831,0,0,0,0,0,0,0,0,0,27,0,0,0,
69,8310885,895455232,14655488,1571629671,0,0,0,0,0,0,0,0,0,27,0,0,0,
70,19102761,898379776,14655488,1588406887,0,0,0,0,0,0,0,0,0,27,0,0,0,
71,13794375,901140480,14655488,1605213319,0,0,0,0,0,0,0,0,0,27,0,0,0,
72,12833541,901967872,14655488,1605217959,0,0,0,0,0,0,0,0,0,27,0,0,0,
73,15510938,904925184,14655488,1605247207,0,0,0,0,0,0,0,0,0,27,0,0,0,
74,12911667,908091392,14655488,1605213415,0,0,0,0,0,0,0,0,0,27,0,0,0,
75,8083594,908107776,14655488,1605213415,0,0,0,0,0,0,0,0,0,27,0,0,0,
76,12500990,910913536,14655488,1605221607,0,0,0,0,0,0,0,0,0,27,0,0,0,
77,12382291,913821696,14655488,1622011719,0,0,0,0,0,0,0,0,0,27,0,0,0,
78,7433386,914153472,14655488,1622016423,0,0,0,0,0,0,0,0,0,27,0,0,0,
79,15609896,916893696,14655488,1622033343,0,0,0,0,0,0,0,0,0,27,0,0,0,
80,14460625,920055808,14655488,1622062655,0,0,0,0,0,0,0,0,0,27,0,0,0,
81,13686770,922841088,14655488,1622067391,0,0,0,0,0,0,0,0,0,27,0,0,0,
82,10276823,925396992,14655488,1638865759,0,0,0,0,0,0,0,0,0,27,0,0,0,
83,16114844,926003200,14655488,1638870527,0,0,0,0,0,0,0,0,0,27,0,0,0,
84,15053542,928849920,14655488,1638858207,0,0,0,0,0,0,0,0,0,27,0,0,0,
85,14101823,932564992,14655488,1638866399,0,0,0,0,0,0,0,0,0,27,0,0,0,
86,13493385,935682048,14655488,1655651807,0,0,0,0,0,0,0,0,0,27,0,0,0,
87,9178802,935981056,14655488,1655651807,0,0,0,0,0,0,0,0,0,27,0,0,0,
88,17045209,936554496,14655488,1655651807,0,0,0,0,0,0,0,0,0,27,0,0,0,
89,15092188,939446272,14655488,1655659423,0,0,0,0,0,0,0,0,0,27,0,0,0,
90,13751563,942198784,14655488,1689255171,0,0,0,0,0,0,0,0,0,27,0,0,0,
91,14386927,945340416,14655488,1689276255,0,0,0,0,0,0,0,0,0,27,0,0,0,
92,13984635,948469760,14655488,1689305663,0,0,0,0,0,0,0,0,0,27,0,0,0,
93,14028698,951586816,14655488,1706112319,0,0,0,0,0,0,0,0,0,27,0,0,0,
94,10109167,953823232,14655488,1706117183,0,0,0,0,0,0,0,0,0,27,0,0,0,
95,16007916,954384384,14655488,1706117183,0,0,0,0,0,0,0,0,0,27,0,0,0,
96,15284896,957714432,14655488,1722894399,0,0,0,0,0,0,0,0,0,27,0,0,0,
97,13778698,960131072,14655488,1722953575,0,0,0,0,0,0,0,0,0,27,0,0,0,
98,13664010,962764800,14655488,1739735687,0,0,0,0,0,0,0,0,0,27,0,0,0,
99,10704948,964878336,14655488,1739721407,0,0,0,0,0,0,0,0,0,27,0,0,0,
100,15203593,965500928,14655488,1739721407,0,0,0,0,0,0,0,0,0,27,0,0,0,
101,15905886,968409088,14655488,1739721407,0,0,0,0,0,0,0,0,0,27,0,0,0,
102,12410104,969068544,14655488,1739721407,0,0,0,0,0,0,0,0,0,27,0,0,0,
103,15495208,972120064,14655488,1739761195,0,0,0,0,0,0,0,0,0,27,0,0,0,
104,14129635,974848000,14655488,1739799719,0,0,0,0,0,0,0,0,0,27,0,0,0,
105,14461406,977571840,14655488,1756612959,0,0,0,0,0,0,0,0,0,27,0,0,0,
106,9480260,979836928,14655488,1756644479,0,0,0,0,0,0,0,0,0,27,0,0,0,
107,15763698,980873216,14655488,1756649439,0,0,0,0,0,0,0,0,0,27,0,0,0,
108,15271666,983846912,14655488,1756657631,0,0,0,0,0,0,0,0,0,27,0,0,0,
109,13823490,986722304,14655488,1756648391,0,0,0,0,0,0,0,0,0,27,0,0,0,
110,14015573,989409280,14655488,1773459175,0,0,0,0,0,0,0,0,0,27,0,0,0,
111,14156875,992194560,14655488,1773482535,0,0,0,0,0,0,0,0,0,27,0,0,0,
112,9106614,992194560,14655488,1773482535,0,0,0,0,0,0,0,0,0,27,0,0,0,
113,19777968,992989184,14655488,1773482535,0,0,0,0,0,0,0,0,0,27,0,0,0,
114,11129479,993685504,14655488,1773468743,0,0,0,0,0,0,0,0,0,27,0,0,0,
115,15763855,996331520,14655488,1790254151,0,0,0,0,0,0,0,0,0,27,0,0,0,
116,13973698,999362560,14655488,1790283231,0,0,0,0,0,0,0,0,0,27,0,0,0,
117,11937656,999985152,14655488,1790283231,0,0,0,0,0,0,0,0,0,27,0,0,0,
118,11997500,1002201088,14655488,1807068639,0,0,0,0,0,0,0,0,0,27,0,0,0,
119,15630208,1003065344,14655488,1807051167,0,0,0,0,0,0,0,0,0,27,0,0,0,
120,16098959,1005899776,14655488,1807083935,0,0,0,0,0,0,0,0,0,27,0,0,0,
121,13663593,1008848896,14655488,1807083935,0,0,0,0,0,0,0,0,0,27,0,0,0,
122,13940313,1011556352,14655488,1807083935,0,0,0,0,0,0,0,0,0,27,0,0,0,
123,13268072,1014595584,14655488,1840646559,0,0,0,0,0,0,0,0,0,27,0,0,0,
124,10442240,1016922112,14655488,1840615111,0,0,0,0,0,0,0,0,0,27,0,0,0,
125,16119635,1017401344,14655488,1840615111,0,0,0,0,0,0,0,0,0,27,0,0,0,
126,15829323,1020178432,14655488,1840647879,0,0,0,0,0,0,0,0,0,27,0,0,0,
127,12450990,1021198336,14655488,1840647879,0,0,0,0,0,0,0,0,0,27,0,0,0,
128,15230416,1024495616,14655488,1857446503,0,0,0,0,0,0,0,0,0,27,0,0,0,
129,13704167,1027473408,14655488,1874265991,0,0,0,0,0,0,0,0,0,27,0,0,0,
130,9760416,1029689344,14655488,1874271047,0,0,0,0,0,0,0,0,0,27,0,0,0,
131,16063490,1030332416,14655488,1874271047,0,0,0,0,0,0,0,0,0,27,0,0,0,
132,16744584,1032945664,14655488,1874292519,0,0,0,0,0,0,0,0,0,27,0,0,0,
133,14905469,1035968512,14655488,1891097727,0,0,0,0,0,0,0,0,0,27,0,0,0,
134,12549427,1036947456,14655488,1891048063,0,0,0,0,0,0,0,0,0,27,0,0,0,
135,15147396,1039921152,14655488,1907854975,0,0,0,0,0,0,0,0,0,27,0,0,0,
136,10625052,1042128896,14655488,1907891947,0,0,0,0,0,0,0,0,0,27,0,0,0,
137,15668906,1042534400,14655488,1907891947,0,0,0,0,0,0,0,0,0,27,0,0,0,
138,15034739,1045168128,14655488,1907891947,0,0,0,0,0,0,0,0,0,27,0,0,0,
139,15616302,1048166400,14655488,1907875555,0,0,0,0,0,0,0,0,0,27,0,0,0,
140,13427135,1048559616,14655488,1907875555,0,0,0,0,0,0,0,0,0,27,0,0,0,
141,15074219,1051631616,14655488,1924682499,0,0,0,0,0,0,0,0,0,27,0,0,0,
142,15576302,1054461952,14655488,1924687651,0,0,0,0,0,0,0,0,0,27,0,0,0,
143,14595261,1057218560,14655488,1924717411,0,0,0,0,0,0,0,0,0,27,0,0,0,
144,9323281,1059434496,14655488,1924704227,0,0,0,0,0,0,0,0,0,27,0,0,0,
145,12930729,1060241408,14655488,1941481443,0,0,0,0,0,0,0,0,0,27,0,0,0,
146,14407709,1062879232,14655488,1941506019,0,0,0,0,0,0,0,0,0,27,0,0,0,
147,14327813,1065558016,14655488,1941506019,0,0,0,0,0,0,0,0,0,27,0,0,0,
148,23700573,1068732416,14655488,1941514211,0,0,0,0,0,0,0,0,0,27,0,0,0,
149,13012031,1069113344,14655488,1941514211,0,0,0,0,0,0,0,0,0,27,0,0,0,
150,16624531,1072136192,14655488,1941522403,0,0,0,0,0,0,0,0,0,27,0,0,0,
151,12630573,1072984064,14655488,1958299619,0,0,0,0,0,0,0,0,0,27,0,0,0,
152,9820521,1075355648,14655488,1975085027,0,0,0,0,0,0,0,0,0,27,0,0,0,
153,16467500,1075957760,14655488,1975085027,0,0,0,0,0,0,0,0,0,27,0,0,0,
154,14982812,1076772864,14655488,1975085027,0,0,0,0,0,0,0,0,0,27,0,0,0,
155,15074740,1079656448,14655488,1975107483,0,0,0,0,0,0,0,0,0,27,0,0,0,
156,13626719,1080274944,14655488,1975107483,0,0,0,0,0,0,0,0,0,27,0,0,0,
157,13845573,1083191296,14655488,1975129099,0,0,0,0,0,0,0,0,0,27,0,0,0,
158,9361459,1085566976,14655488,1991906315,0,0,0,0,0,0,0,0,0,27,0,0,0,
159,15401094,1086152704,14655488,1991888267,0,0,0,0,0,0,0,0,0,27,0,0,0,
160,16501615,1089220608,14655488,1991931835,0,0,0,0,0,0,0,0,0,27,0,0,0,
161,15986719,1092186112,14655488,1991992291,0,0,0,0,0,0,0,0,0,27,0,0,0,
162,12090365,1092714496,14655488,1991992291,0,0,0,0,0,0,0,0,0,27,0,0,0,
163,13919844,1095725056,14655488,2008802171,0,0,0,0,0,0,0,0,0,27,0,0,0,
164,15092917,1100275712,14655488,2008772155,0,0,0,0,0,0,0,0,0,27,0,0,0,
165,8082187,1100275712,14655488,2025549371,0,0,0,0,0,0,0,0,0,27,0,0,0,
166,15605937,1101139968,14655488,2025549371,0,0,0,0,0,0,0,0,0,27,0,0,0,
167,16041302,1103843328,14655488,2025582139,0,0,0,0,0,0,0,0,0,27,0,0,0,
168,13872344,1106923520,14655488,2025603739,0,0,0,0,0,0,0,0,0,27,0,0,0,
169,13121615,1107107840,14655488,2025603739,0,0,0,0,0,0,0,0,0,27,0,0,0,
170,8902604,1107271680,14655488,2025603739,0,0,0,0,0,0,0,0,0,27,0,0,0,
171,18734948,1107472384,14655488,2025603739,0,0,0,0,0,0,0,0,0,27,0,0,0,
172,13722032,1108156416,14655488,2025603739,0,0,0,0,0,0,0,0,0,27,0,0,0,
173,16131979,1110724608,14655488,2025620123,0,0,0,0,0,0,0,0,0,27,0,0,0,
174,14339011,1113763840,14655488,2042402555,0,0,0,0,0,0,0,0,0,27,0,0,0,
175,12831458,1114685440,14655488,2042402555,0,0,0,0,0,0,0,0,0,27,0,0,0,
176,14736875,1117532160,14655488,2059234039,0,0,0,0,0,0,0,0,0,27,0,0,0,
177,8952657,1119629312,14655488,2059255703,0,0,0,0,0,0,0,0,0,27,0,0,0,
178,16144532,1120636928,14655488,2059260983,0,0,0,0,0,0,0,0,0,27,0,0,0,
179,15242708,1121488896,14655488,2059260983,0,0,0,0,0,0,0,0,0,27,0,0,0,
180,13912657,1124425728,14655488,2059282679,0,0,0,0,0,0,0,0,0,27,0,0,0,
181,12924792,1124847616,14655488,2059287991,0,0,0,0,0,0,0,0,0,27,0,0,0,
182,9972656,1126969344,14655488,2059287991,0,0,0,0,0,0,0,0,0,27,0,0,0,
183,17654792,1128095744,14655488,2059287991,0,0,0,0,0,0,0,0,0,27,0,0,0,
184,14368958,1128919040,14655488,2076065207,0,0,0,0,0,0,0,0,0,27,0,0,0,
185,15520312,1131806720,14655488,2092876515,0,0,0,0,0,0,0,0,0,27,0,0,0,
186,15055938,1134469120,14655488,2092898243,0,0,0,0,0,0,0,0,0,27,0,0,0,
187,14718020,1137491968,14655488,2092920003,0,0,0,0,0,0,0,0,0,27,0,0,0,
188,15296510,1140371456,14655488,2092941795,0,0,0,0,0,0,0,0,0,27,0,0,0,
189,27080781,1143205888,14655488,2092963619,0,0,0,0,0,0,0,0,0,27,0,0,0,
190,25743594,1148256256,14655488,2109762691,0,0,0,0,0,0,0,0,0,27,0,0,0,
191,19028542,1151897600,14655488,2126561795,0,0,0,0,0,0,0,0,0,27,0,0,0,
192,19149531,1154764800,14655488,2126625307,0,0,0,0,0,0,0,0,0,27,0,0,0,
193,15241354,1157906432,14655488,2126663623,0,0,0,0,0,0,0,0,0,27,0,0,0,
194,13675729,1158819840,14655488,2143436615,0,0,0,0,0,0,0,0,0,27,0,0,0,
195,14964375,1161695232,14655488,2143450407,0,0,0,0,0,0,0,0,0,27,0,0,0,
196,15055208,1164640256,14655488,2143485623,0,0,0,0,0,0,0,0,0,27,0,0,0,
197,15912084,1167343616,14655488,2143525799,0,0,0,0,0,0,0,0,0,27,0,0,0,
198,22829322,1170518016,14655488,2177143567,0,0,0,0,0,0,0,0,0,27,0,0,0,
199,15759688,1173409792,14655488,2177142639,0,0,0,0,0,0,0,0,0,27,0,0,0,
200,15227344,1176338432,14655488,2177182911,0,0,0,0,0,0,0,0,0,27,0,0,0,
201,16083542,1179176960,14655488,2177239847,0,0,0,0,0,0,0,0,0,27,0,0,0,
202,22052709,1181925376,14655488,2194057539,0,0,0,0,0,0,0,0,0,27,0,0,0,
203,16671250,1185165312,14655488,2194097907,0,0,0,0,0,0,0,0,0,27,0,0,0,
204,15823750,1187946496,14655488,2194102003,0,0,0,0,0,0,0,0,0,27,0,0,0,
205,22340833,1191239680,14655488,2210919791,0,0,0,0,0,0,0,0,0,27,0,0,0,
206,15212552,1193902080,14655488,2210958827,0,0,0,0,0,0,0,0,0,27,0,0,0,
207,15669688,1197019136,14655488,2227750187,0,0,0,0,0,0,0,0,0,27,0,0,0,
208,15697292,1200013312,14655488,2227780747,0,0,0,0,0,0,0,0,0,27,0,0,0,
209,22330573,1203167232,14655488,2227803147,0,0,0,0,0,0,0,0,0,27,0,0,0,
210,21295625,1206661120,14655488,2227817387,0,0,0,0,0,0,0,0,0,27,0,0,0,
211,19845000,1209524224,14655488,2227848043,0,0,0,0,0,0,0,0,0,27,0,0,0,
212,16820833,1212866560,14655488,2261424971,0,0,0,0,0,0,0,0,0,27,0,0,0,
213,14339062,1213702144,14655488,2261431083,0,0,0,0,0,0,0,0,0,27,0,0,0,
214,17080052,1216929792,14655488,2261478587,0,0,0,0,0,0,0,0,0,27,0,0,0,
215,21391822,1219817472,14655488,2261501147,0,0,0,0,0,0,0,0,0,27,0,0,0,
216,16395416,1222615040,14655488,2261515547,0,0,0,0,0,0,0,0,0,27,0,0,0,
217,16112916,1225392128,14655488,2278315387,0,0,0,0,0,0,0,0,0,27,0,0,0,
218,21644271,1228627968,14655488,2295115259,0,0,0,0,0,0,0,0,0,27,0,0,0,
219,16551615,1231630336,14655488,2295091355,0,0,0,0,0,0,0,0,0,27,0,0,0,
220,15523854,1234485248,14655488,2295105883,0,0,0,0,0,0,0,0,0,27,0,0,0,
221,15452917,1237610496,14655488,2295136827,0,0,0,0,0,0,0,0,0,27,0,0,0,
222,16962135,1240887296,14655488,2295151419,0,0,0,0,0,0,0,0,0,27,0,0,0,
223,16396406,1243725824,14655488,2311967835,0,0,0,0,0,0,0,0,0,27,0,0,0,
224,14317448,1244413952,14655488,2311942363,0,0,0,0,0,0,0,0,0,27,0,0,0,
225,16035573,1247174656,14655488,2311965211,0,0,0,0,0,0,0,0,0,27,0,0,0,
226,15628333,1250324480,14655488,2311988059,0,0,0,0,0,0,0,0,0,27,0,0,0,
227,13897656,1250582528,14655488,2311988059,0,0,0,0,0,0,0,0,0,27,0,0,0,
228,14816719,1251524608,14655488,2311988059,0,0,0,0,0,0,0,0,0,27,0,0,0,
229,14282448,1252327424,14655488,2328754427,0,0,0,0,0,0,0,0,0,27,0,0,0,
230,16352812,1255768064,14655488,2328777307,0,0,0,0,0,0,0,0,0,27,0,0,0,
231,15848542,1256448000,14655488,2345561019,0,0,0,0,0,0,0,0,0,27,0,0,0,
232,15792396,1259610112,14655488,2345583931,0,0,0,0,0,0,0,0,0,27,0,0,0,
233,17580364,1262592000,14655488,2345615067,0,0,0,0,0,0,0,0,0,27,0,0,0,
234,16158437,1265643520,14655488,2345596571,0,0,0,0,0,0,0,0,0,27,0,0,0,
235,16175156,1268768768,14655488,2379173979,0,0,0,0,0,0,0,0,0,27,0,0,0,
236,16970781,1271103488,14655488,2379196987,0,0,0,0,0,0,0,0,0,27,0,0,0,
237,16154896,1274540032,14655488,2379219995,0,0,0,0,0,0,0,0,0,27,0,0,0,
238,16713698,1277751296,14655488,2379243035,0,0,0,0,0,0,0,0,0,27,0,0,0,
239,16031927,1280880640,14655488,2379249115,0,0,0,0,0,0,0,0,0,27,0,0,0,
240,10609479,1283129344,14655488,2396049403,0,0,0,0,0,0,0,0,0,27,0,0,0,
241,15725938,1285976064,14655488,2412849723,0,0,0,0,0,0,0,0,0,27,0,0,0,
242,16283437,1288806400,14655488,2412872859,0,0,0,0,0,0,0,0,0,27,0,0,0,
243,16093698,1291853824,14655488,2412896027,0,0,0,0,0,0,0,0,0,27,0,0,0,
244,15976562,1294299136,14655488,2412857099,0,0,0,0,0,0,0,0,0,27,0,0,0,
245,17382031,1297403904,14655488,2412880331,0,0,0,0,0,0,0,0,0,27,0,0,0,
246,17115521,1300414464,14655488,2429706823,0,0,0,0,0,0,0,0,0,27,0,0,0,
247,14713177,1301090304,14655488,2429713703,0,0,0,0,0,0,0,0,0,27,0,0,0,
248,14724062,1301790720,14655488,2429713703,0,0,0,0,0,0,0,0,0,27,0,0,0,
249,17559271,1305141248,14655488,2429713287,0,0,0,0,0,0,0,0,0,27,0,0,0,
250,17189531,1308225536,14655488,2429736615,0,0,0,0,0,0,0,0,0,27,0,0,0,
251,17212500,1311117312,14655488,2446537191,0,0,0,0,0,0,0,0,0,27,0,0,0,
252,18486250,1313959936,14655488,2463345991,0,0,0,0,0,0,0,0,0,27,0,0,0,
253,16969792,1316933632,14655488,2463387235,0,0,0,0,0,0,0,0,0,27,0,0,0,
254,16884740,1319751680,14655488,2463353451,0,0,0,0,0,0,0,0,0,27,0,0,0,
255,17357969,1322782720,14655488,2463385131,0,0,0,0,0,0,0,0,0,27,0,0,0,
256,16590937,1325346816,14655488,2463408651,0,0,0,0,0,0,0,0,0,27,0,0,0,
257,16818281,1328381952,14655488,2480209419,0,0,0,0,0,0,0,0,0,27,0,0,0,
258,16628906,1331240960,14655488,2480224811,0,0,0,0,0,0,0,0,0,27,0,0,0,
259,17759479,1334345728,14655488,2480238251,0,0,0,0,0,0,0,0,0,27,0,0,0,
260,17182292,1337143296,14655488,2480254635,0,0,0,0,0,0,0,0,0,27,0,0,0,
261,16263802,1340022784,14655488,2497048235,0,0,0,0,0,0,0,0,0,27,0,0,0,
262,18672291,1342894080,14655488,2497091047,0,0,0,0,0,0,0,0,0,27,0,0,0,
263,18227708,1346011136,14655488,2513891943,0,0,0,0,0,0,0,0,0,27,0,0,0,
264,18052448,1348952064,14655488,2513915803,0,0,0,0,0,0,0,0,0,27,0,0,0,
265,24462084,1352761344,14655488,2513939547,0,0,0,0,0,0,0,0,0,27,0,0,0,
266,17638698,1355747328,14655488,2513955131,0,0,0,0,0,0,0,0,0,27,0,0,0,
267,18231354,1358884864,14655488,2513993959,0,0,0,0,0,0,0,0,0,27,0,0,0,
268,16431979,1360154624,14655488,2547555815,0,0,0,0,0,0,0,0,0,27,0,0,0,
269,17972553,1361190912,14655488,2547524135,0,0,0,0,0,0,0,0,0,27,0,0,0,
270,18511197,1365962752,14655488,2547584027,0,0,0,0,0,0,0,0,0,27,0,0,0,
271,19066354,1370034176,14655488,2547624715,0,0,0,0,0,0,0,0,0,27,0,0,0,
272,18350885,1373192192,14655488,2564417643,0,0,0,0,0,0,0,0,0,27,0,0,0,
273,24789688,1376600064,14655488,2564436123,0,0,0,0,0,0,0,0,0,27,0,0,0,
274,18247292,1379168256,14655488,2581186507,0,0,0,0,0,0,0,0,0,27,0,0,0,
275,19897969,1382678528,14655488,2581266175,0,0,0,0,0,0,0,0,0,27,0,0,0,
276,18474011,1385455616,14655488,2581305163,0,0,0,0,0,0,0,0,0,27,0,0,0,
277,18343125,1388072960,14655488,2598173587,0,0,0,0,0,0,0,0,0,27,0,0,0,
278,24019219,1391947776,14655488,2598216359,0,0,0,0,0,0,0,0,0,27,0,0,0,
279,17712553,1394970624,14655488,2598239451,0,0,0,0,0,0,0,0,0,27,0,0,0,
280,17638437,1398468608,14655488,2615059471,0,0,0,0,0,0,0,0,0,27,0,0,0,
281,19037032,1401171968,14655488,2631852559,0,0,0,0,0,0,0,0,0,27,0,0,0,
282,15873594,1402155008,14655488,2631852559,0,0,0,0,0,0,0,0,0,27,0,0,0,
283,17706719,1404760064,14655488,2631860751,0,0,0,0,0,0,0,0,0,27,0,0,0,
284,17550104,1406971904,14655488,2631864375,0,0,0,0,0,0,0,0,0,27,0,0,0,
285,19011094,1410592768,14655488,2631903523,0,0,0,0,0,0,0,0,0,27,0,0,0,
286,18024219,1413795840,14655488,2648748423,0,0,0,0,0,0,0,0,0,27,0,0,0,
287,23968072,1416757248,14655488,2648788999,0,0,0,0,0,0,0,0,0,27,0,0,0,
288,18263646,1420308480,14655488,2648855711,0,0,0,0,0,0,0,0,0,27,0,0,0,
289,22100261,1423654912,14655488,2665662483,0,0,0,0,0,0,0,0,0,27,0,0,0,
290,20844532,1426980864,14655488,2665697039,0,0,0,0,0,0,0,0,0,27,0,0,0,
291,27451823,1430102016,14655488,2682500939,0,0,0,0,0,0,0,0,0,27,0,0,0,
292,21555886,1433198592,14655488,2682517035,0,0,0,0,0,0,0,0,0,27,0,0,0,
293,24728854,1437143040,14655488,2682552379,0,0,0,0,0,0,0,0,0,27,0,0,0,
294,16904636,1438035968,14655488,2682496835,0,0,0,0,0,0,0,0,0,27,0,0,0,
295,19283594,1441136640,14655488,2682496835,0,0,0,0,0,0,0,0,0,27,0,0,0,
296,23101042,1444311040,14655488,2699296759,0,0,0,0,0,0,0,0,0,27,0,0,0,
297,22402135,1447055360,14655488,2716073975,0,0,0,0,0,0,0,0,0,27,0,0,0,
298,22265885,1455022080,14655488,2716127343,0,0,0,0,0,0,0,0,0,27,0,0,0,
299,17295156,1458192384,14655488,2732901943,0,0,0,0,0,0,0,0,0,27,0,0,0,
300,20627760,1461145600,14655488,2732910135,0,0,0,0,0,0,0,0,0,27,0,0,0,
301,22292760,1462333440,14655488,2732910135,0,0,0,0,0,0,0,0,0,27,0,0,0,
302,19782656,1465630720,14655488,2732918327,0,0,0,0,0,0,0,0,0,27,0,0,0,
303,18265677,1468555264,14655488,2732934711,0,0,0,0,0,0,0,0,0,27,0,0,0,
304,21600729,1469210624,14655488,2732912119,0,0,0,0,0,0,0,0,0,27,0,0,0,
305,23414843,1470652416,14655488,2732912119,0,0,0,0,0,0,0,0,0,27,0,0,0,
306,20862865,1475108864,14655488,2749722103,0,0,0,0,0,0,0,0,0,27,0,0,0,
307,18391510,1477902336,14655488,2766507511,0,0,0,0,0,0,0,0,0,27,0,0,0,
308,22681094,1481125888,14655488,2766515703,0,0,0,0,0,0,0,0,0,27,0,0,0,
309,23361666,1482403840,14655488,2766485271,0,0,0,0,0,0,0,0,0,27,0,0,0,
310,20596198,1488449536,14655488,2766509847,0,0,0,0,0,0,0,0,0,27,0,0,0,
311,18096146,1491304448,14655488,2783311383,0,0,0,0,0,0,0,0,0,27,0,0,0,
312,20931354,1493753856,14655488,2783335735,0,0,0,0,0,0,0,0,0,27,0,0,0,
313,23657760,1495134208,14655488,2783343703,0,0,0,0,0,0,0,0,0,27,0,0,0,
314,19988958,1497948160,14655488,2783318823,0,0,0,0,0,0,0,0,0,27,0,0,0,
315,18381510,1500827648,14655488,2783335015,0,0,0,0,0,0,0,0,0,27,0,0,0,
316,20915469,1501405184,14655488,2783335015,0,0,0,0,0,0,0,0,0,27,0,0,0,
317,23102812,1502629888,14655488,2783335015,0,0,0,0,0,0,0,0,0,27,0,0,0,
318,18288177,1503936512,14655488,2783335015,0,0,0,0,0,0,0,0,0,27,0,0,0,
319,21067396,1506922496,14655488,2783285591,0,0,0,0,0,0,0,0,0,27,0,0,0,
320,21570729,1508188160,14655488,2816840023,0,0,0,0,0,0,0,0,0,27,0,0,0,
321,23462031,1509371904,14655488,2816840023,0,0,0,0,0,0,0,0,0,27,0,0,0,
322,22224687,1514835968,14655488,2816872871,0,0,0,0,0,0,0,0,0,27,0,0,0,
323,22795417,1515106304,14655488,2816872871,0,0,0,0,0,0,0,0,0,27,0,0,0,
324,28866145,1518874624,14655488,2816876007,0,0,0,0,0,0,0,0,0,27,0,0,0,
325,27414896,1522786304,14655488,2833661415,0,0,0,0,0,0,0,0,0,27,0,0,0,
326,20761146,1528254464,14655488,2850471399,0,0,0,0,0,0,0,0,0,27,0,0,0,
327,18122396,1528717312,14655488,2850471399,0,0,0,0,0,0,0,0,0,27,0,0,0,
328,25223385,1531875328,14655488,2850479591,0,0,0,0,0,0,0,0,0,27,0,0,0,
329,17833177,1532256256,14655488,2850457991,0,0,0,0,0,0,0,0,0,27,0,0,0,
330,18455989,1535037440,14655488,2850466183,0,0,0,0,0,0,0,0,0,27,0,0,0,
331,23425260,1538109440,14655488,2867251591,0,0,0,0,0,0,0,0,0,27,0,0,0,
332,26233802,1539534848,14655488,2884028807,0,0,0,0,0,0,0,0,0,27,0,0,0,
333,19604844,1544249344,14655488,2884036999,0,0,0,0,0,0,0,0,0,27,0,0,0,
334,25188906,1546952704,14655488,2884045191,0,0,0,0,0,0,0,0,0,27,0,0,0,
335,26871302,1550958592,19587072,2888993159,0,0,0,0,0,0,0,0,0,27,0,0,0,
336,18684271,1554001920,19587072,2889009543,0,0,0,0,0,0,0,0,0,27,0,0,0,
337,29921927,1557340160,19587072,2905803143,0,0,0,0,0,0,0,0,0,27,0,0,0,
338,20669740,1560391680,19587072,2922596743,0,0,0,0,0,0,0,0,0,27,0,0,0,
339,25263542,1563500544,19587072,2922613127,0,0,0,0,0,0,0,0,0,27,0,0,0,
340,19326823,1566318592,19587072,2939398535,0,0,0,0,0,0,0,0,0,27,0,0,0,
341,25392032,1569366016,19587072,2939472495,0,0,0,0,0,0,0,0,0,27,0,0,0,
342,26479323,1573339136,19587072,2939504963,0,0,0,0,0,0,0,0,0,27,0,0,0,
343,20067969,1575903232,19587072,2939566807,0,0,0,0,0,0,0,0,0,27,0,0,0,
344,33321354,1580208128,19587072,2973159483,0,0,0,0,0,0,0,0,0,27,0,0,0,
345,28279635,1583706112,19587072,2973199467,0,0,0,0,0,0,0,0,0,27,0,0,0,
346,21564167,1589092352,19587072,2973261375,0,0,0,0,0,0,0,0,0,27,0,0,0,
347,31362500,1590104064,19587072,2990038591,0,0,0,0,0,0,0,0,0,27,0,0,0,
348,26749792,1594163200,19587072,2990071187,0,0,0,0,0,0,0,0,0,27,0,0,0,
349,22575416,1599053824,19587072,2990125783,0,0,0,0,0,0,0,0,0,27,0,0,0,
350,24641562,1599795200,19587072,3006911255,0,0,0,0,0,0,0,0,0,27,0,0,0,
351,37226823,1603457024,19587072,3023704951,0,0,0,0,0,0,0,0,0,27,0,0,0,
352,28823125,1609052160,19587072,3023759631,0,0,0,0,0,0,0,0,0,27,0,0,0,
353,29530312,1613205504,19587072,3023798131,0,0,0,0,0,0,0,0,0,27,0,0,0,
354,28429219,1617092608,19587072,3023852951,0,0,0,0,0,0,0,0,0,27,0,0,0,
355,35597291,1620070400,19587072,3040670439,0,0,0,0,0,0,0,0,0,27,0,0,0,
356,39064531,1624547328,19587072,3057464327,0,0,0,0,0,0,0,0,0,27,0,0,0,
357,34774792,1627193344,19587072,3057497243,0,0,0,0,0,0,0,0,0,27,0,0,0,
358,46968959,1631178752,19587072,3057537611,0,0,0,0,0,0,0,0,0,27,0,0,0,
359,42524167,1635938304,19587072,3057570075,0,0,0,0,0,0,0,0,0,27,0,0,0,
360,29789740,1639862272,19587072,3074387691,0,0,0,0,0,0,0,0,0,27,0,0,0,
361,42274583,1643331584,19587072,3074419515,0,0,0,0,0,0,0,0,0,27,0,0,0,
362,49365052,1647366144,19587072,3074444339,0,0,0,0,0,0,0,0,0,27,0,0,0,
363,41388177,1652367360,19587072,3074461139,0,0,0,0,0,0,0,0,0,27,0,0,0,
364,29204271,1653575680,19587072,3108015571,0,0,0,0,0,0,0,0,0,27,0,0,0,
365,46363750,1657622528,19587072,3108031955,0,0,0,0,0,0,0,0,0,27,0,0,0,
366,50065260,1660788736,19587072,3108048339,0,0,0,0,0,0,0,0,0,27,0,0,0,
367,38783594,1664921600,19587072,3108064723,0,0,0,0,0,0,0,0,0,27,0,0,0,
368,30982136,1668534272,19587072,3108089299,0,0,0,0,0,0,0,0,0,27,0,0,0,
369,42812604,1670082560,19587072,3108058099,0,0,0,0,0,0,0,0,0,27,0,0,0,
370,45001719,1671974912,19587072,3124835315,0,0,0,0,0,0,0,0,0,27,0,0,0,
371,50981980,1678254080,19587072,3124859891,0,0,0,0,0,0,0,0,0,27,0,0,0,
372,41386406,1682493440,19587072,3124876275,0,0,0,0,0,0,0,0,0,27,0,0,0,
373,38008542,1686437888,19587072,3124892659,0,0,0,0,0,0,0,0,0,27,0,0,0,
374,31862031,1688670208,19587072,3141631475,0,0,0,0,0,0,0,0,0,27,0,0,0,
375,41653385,1690271744,19587072,3141631475,0,0,0,0,0,0,0,0,0,27,0,0,0,
376,29972708,1692626944,19587072,3141631475,0,0,0,0,0,0,0,0,0,27,0,0,0,
377,29229114,1694187520,19587072,3141631475,0,0,0,0,0,0,0,0,0,27,0,0,0,
378,45837135,1697099776,19587072,3158425075,0,0,0,0,0,0,0,0,0,27,0,0,0,
379,54974063,1698996224,19587072,3175147027,0,0,0,0,0,0,0,0,0,27,0,0,0,
380,55387239,1706319872,19587072,3175163411,0,0,0,0,0,0,0,0,0,27,0,0,0,
381,44042500,1709813760,19587072,3191957011,0,0,0,0,0,0,0,0,0,27,0,0,0,
382,54328750,1713975296,19587072,3191973395,0,0,0,0,0,0,0,0,0,27,0,0,0,
383,58145521,1719181312,19587072,3191989779,0,0,0,0,0,0,0,0,0,27,0,0,0,
384,60988333,1723985920,19587072,3191989363,0,0,0,0,0,0,0,0,0,27,0,0,0,
385,44427031,1728831488,19587072,3192013939,0,0,0,0,0,0,0,0,0,27,0,0,0,
386,53233281,1732857856,19587072,3208807539,0,0,0,0,0,0,0,0,0,27,0,0,0,
387,42125000,1736998912,19587072,3208832563,0,0,0,0,0,0,0,0,0,27,0,0,0,
388,40866875,1739538432,19587072,3208841203,0,0,0,0,0,0,0,0,0,27,0,0,0,
389,33393073,1741082624,19587072,3208841203,0,0,0,0,0,0,0,0,0,27,0,0,0,
390,46799948,1745055744,19587072,3225634803,0,0,0,0,0,0,0,0,0,27,0,0,0,
391,52849167,1749139456,19587072,3225642995,0,0,0,0,0,0,0,0,0,27,0,0,0,
392,41636146,1750941696,19587072,3225642995,0,0,0,0,0,0,0,0,0,27,0,0,0,
393,55153854,1754705920,19587072,3225659379,0,0,0,0,0,0,0,0,0,27,0,0,0,
394,53501510,1757544448,19587072,3225614383,0,0,0,0,0,0,0,0,0,27,0,0,0,
395,41055052,1761517568,19587072,3242407983,0,0,0,0,0,0,0,0,0,27,0,0,0,
396,40912604,1764306944,19587072,3242407983,0,0,0,0,0,0,0,0,0,27,0,0,0,
397,32671094,1765584896,19587072,3242407983,0,0,0,0,0,0,0,0,0,27,0,0,0,
398,44090990,1766858752,19587072,3242407983,0,0,0,0,0,0,0,0,0,27,0,0,0,
399,54765417,1771716608,19587072,3242424367,0,0,0,0,0,0,0,0,0,27,0,0,0,
400,57506407,1774747648,19587072,3242424367,0,0,0,0,0,0,0,0,0,27,0,0,0,
401,51247657,1780350976,19587072,3242448943,0,0,0,0,0,0,0,0,0,27,0,0,0,
402,67692083,1783468032,19587072,3242448943,0,0,0,0,0,0,0,0,0,27,0,0,0,
403,67102917,1786740736,19587072,3242448943,0,0,0,0,0,0,0,0,0,27,0,0,0,
404,61699532,1792630784,19587072,3259259175,0,0,0,0,0,0,0,0,0,27,0,0,0,
405,54828021,1795149824,19587072,3259259175,0,0,0,0,0,0,0,0,0,27,0,0,0,
406,62736771,1797423104,19587072,3276036391,0,0,0,0,0,0,0,0,0,27,0,0,0,
407,52893802,1799491584,19587072,3276036391,0,0,0,0,0,0,0,0,0,27,0,0,0,
408,62414896,1805398016,19587072,3276044583,0,0,0,0,0,0,0,0,0,27,0,0,0,
409,47305573,1809768448,19587072,3276052775,0,0,0,0,0,0,0,0,0,27,0,0,0,
410,52958697,1814474752,19587072,3292846375,0,0,0,0,0,0,0,0,0,27,0,0,0,
411,60280052,1819127808,19587072,3309639975,0,0,0,0,0,0,0,0,0,27,0,0,0,
412,70944271,1824120832,19587072,3309656359,0,0,0,0,0,0,0,0,0,27,0,0,0,
413,66338698,1828458496,19587072,3309668647,0,0,0,0,0,0,0,0,0,27,0,0,0,
414,68700781,1833828352,19587072,3309672807,0,0,0,0,0,0,0,0,0,27,0,0,0,
415,58762448,1839337472,19582976,3326462311,0,0,0,0,0,0,0,0,0,27,0,0,0,
416,66411303,1844322304,19582976,3343255911,0,0,0,0,0,0,0,0,0,27,0,0,0,
417,78422552,1849409536,19582976,3343272295,0,0,0,0,0,0,0,0,0,27,0,0,0,
418,64687916,1854545920,19582976,3343327583,0,0,0,0,0,0,0,0,0,27,0,0,0,
419,53634531,1859489792,19582976,3343336939,0,0,0,0,0,0,0,0,0,27,0,0,0,
420,63349583,1864519680,19582976,3376926583,0,0,0,0,0,0,0,0,0,27,0,0,0,
421,49662187,1873182720,19582976,3376926583,0,0,0,0,0,0,0,0,0,27,0,0,0,
422,54440677,1876692992,19582976,3376961795,0,0,0,0,0,0,0,0,0,27,0,0,0,
423,57119167,1882058752,19582976,3393774223,0,0,0,0,0,0,0,0,0,27,0,0,0,
424,51623073,1887666176,19582976,3393792219,0,0,0,0,0,0,0,0,0,27,0,0,0,
425,50257187,1892216832,19582976,3410604647,0,0,0,0,0,0,0,0,0,27,0,0,0,
426,59326250,1896919040,19582976,3410639859,0,0,0,0,0,0,0,0,0,27,0,0,0,
427,70594219,1901191168,19582976,3410675071,0,0,0,0,0,0,0,0,0,27,0,0,0,
428,68666666,1906302976,19582976,3410718475,0,0,0,0,0,0,0,0,0,27,0,0,0,
429,60808750,1910874112,19582976,3410709547,0,0,0,0,0,0,0,0,0,27,0,0,0,
430,74983021,1916792832,19582976,3427494955,0,0,0,0,0,0,0,0,0,27,0,0,0,
431,59711823,1918664704,19582976,3444272171,0,0,0,0,0,0,0,0,0,27,0,0,0,
432,69460000,1922908160,19582976,3444288555,0,0,0,0,0,0,0,0,0,27,0,0,0,
433,68983334,1928790016,19582976,3444304939,0,0,0,0,0,0,0,0,0,27,0,0,0,
434,70716250,1930215424,19582976,3444288307,0,0,0,0,0,0,0,0,0,27,0,0,0,
435,68174374,1935896576,19582976,3444304691,0,0,0,0,0,0,0,0,0,27,0,0,0,
436,68315989,1939120128,19582976,3461098291,0,0,0,0,0,0,0,0,0,27,0,0,0,
437,69818177,1943326720,19582976,3477883699,0,0,0,0,0,0,0,0,0,27,0,0,0,
438,69444323,1948790784,19582976,3477891891,0,0,0,0,0,0,0,0,0,27,0,0,0,
439,67415052,1953640448,19582976,3477908275,0,0,0,0,0,0,0,0,0,27,0,0,0,
440,69182813,1958477824,19582976,3477924659,0,0,0,0,0,0,0,0,0,27,0,0,0,
441,72910052,1963278336,19582976,3511487283,0,0,0,0,0,0,0,0,0,27,0,0,0,
442,69266666,1969197056,19582976,3511495475,0,0,0,0,0,0,0,0,0,27,0,0,0,
443,71080937,1976090624,19582976,3511511859,0,0,0,0,0,0,0,0,0,27,0,0,0,
444,84707188,1982906368,19582976,3528288467,0,0,0,0,0,0,0,0,0,27,0,0,0,
445,81750261,1988272128,19582976,3528345323,0,0,0,0,0,0,0,0,0,27,0,0,0,
446,67729740,1994055680,19582976,3545146075,0,0,0,0,0,0,0,0,0,27,0,0,0,
447,73027865,2000424960,19582976,3545201727,0,0,0,0,0,0,0,0,0,27,0,0,0,
448,81146302,2006044672,19582976,3561987135,0,0,0,0,0,0,0,0,0,27,0,0,0,
449,83664062,2012213248,19582976,3564114487,0,0,0,0,0,0,0,0,0,27,0,0,0,
450,87664584,2018861056,19296256,3580635183,0,0,0,0,0,0,0,0,0,27,0,0,0,
451,78454115,2023624704,19296256,3597464439,0,0,0,0,0,0,0,0,0,27,0,0,0,
452,83604063,2028187648,19296256,3597497523,0,0,0,0,0,0,0,0,0,27,0,0,0,
453,84711302,2033836032,19296256,3597505715,0,0,0,0,0,0,0,0,0,27,0,0,0,
454,83088073,2039377920,19296256,3597538799,0,0,0,0,0,0,0,0,0,27,0,0,0,
455,84426615,2044968960,19296256,3631145271,0,0,0,0,0,0,0,0,0,27,0,0,0,
456,86829010,2049908736,19296256,3631178355,0,0,0,0,0,0,0,0,0,27,0,0,0,
457,77042917,2054979584,19296256,3631186547,0,0,0,0,0,0,0,0,0,27,0,0,0,
458,86665573,2059972608,19296256,3631219631,0,0,0,0,0,0,0,0,0,27,0,0,0,
459,84651927,2065448960,19296256,3664790447,0,0,0,0,0,0,0,0,0,27,0,0,0,
460,80466771,2067472384,19296256,3664790447,0,0,0,0,0,0,0,0,0,27,0,0,0,
461,91119115,2074906624,19296256,3664845539,0,0,0,0,0,0,0,0,0,27,0,0,0,
462,79089323,2080710656,19296256,3664901191,0,0,0,0,0,0,0,0,0,27,0,0,0,
463,77917136,2083565568,19296256,3664901191,0,0,0,0,0,0,0,0,0,27,0,0,0,
464,88450989,2090217472,19296256,3681719683,0,0,0,0,0,0,0,0,0,27,0,0,0,
465,81970938,2093576192,19296256,3698496899,0,0,0,0,0,0,0,0,0,27,0,0,0,
466,81850105,2098278400,19296256,3698505091,0,0,0,0,0,0,0,0,0,27,0,0,0,
467,87341614,2105389056,19296256,3715298691,0,0,0,0,0,0,0,0,0,27,0,0,0,
468,82849010,2111492096,19296256,3715306883,0,0,0,0,0,0,0,0,0,27,0,0,0,
469,81767500,2116075520,19296256,3715339967,0,0,0,0,0,0,0,0,0,27,0,0,0,
470,84940052,2120888320,19296256,3732150267,0,0,0,0,0,0,0,0,0,27,0,0,0,
471,89516042,2126163968,19296256,3732183351,0,0,0,0,0,0,0,0,0,27,0,0,0,
472,84958698,2130702336,19296256,3748976951,0,0,0,0,0,0,0,0,0,27,0,0,0,
473,93457396,2137145344,19296256,3748985143,0,0,0,0,0,0,0,0,0,27,0,0,0,
474,85055886,2141536256,19296256,3749018227,0,0,0,0,0,0,0,0,0,27,0,0,0,
475,78718854,2148708352,19296256,3765803635,0,0,0,0,0,0,0,0,0,27,0,0,0,
476,82188385,2155507712,19296256,3765820019,0,0,0,0,0,0,0,0,0,27,0,0,0,
477,82691770,2158694400,19296256,3782597235,0,0,0,0,0,0,0,0,0,27,0,0,0,
478,82971510,2162458624,19296256,3782630319,0,0,0,0,0,0,0,0,0,27,0,0,0,
479,89831250,2170650624,19296256,3799434683,0,0,0,0,0,0,0,0,0,27,0,0,0,
480,90899375,2177372160,19296256,3799451067,0,0,0,0,0,0,0,0,0,27,0,0,0,
481,90558437,2181726208,19296256,3816261367,0,0,0,0,0,0,0,0,0,27,0,0,0,
482,96072552,2186514432,19296256,3816269559,0,0,0,0,0,0,0,0,0,27,0,0,0,
483,85440989,2191257600,19296256,3816277751,0,0,0,0,0,0,0,0,0,27,0,0,0,
484,93635156,2195582976,18677760,3815692339,0,0,0,0,0,0,0,0,0,27,0,0,0,
485,85069480,2201108480,18677760,3832502639,0,0,0,0,0,0,0,0,0,27,0,0,0,
486,80520208,2205372416,18677760,3832510831,0,0,0,0,0,0,0,0,0,27,0,0,0,
487,84235208,2209402880,18677760,3849303599,0,0,0,0,0,0,0,0,0,27,0,0,0,
488,85064635,2214531072,18677760,3849355367,0,0,0,0,0,0,0,0,0,27,0,0,0,
489,82883542,2218582016,18677760,3849371819,0,0,0,0,0,0,0,0,0,27,0,0,0,
490,84057865,2223198208,18677760,3849380011,0,0,0,0,0,0,0,0,0,27,0,0,0,
491,81514895,2228760576,18677760,3882950827,0,0,0,0,0,0,0,0,0,27,0,0,0,
492,88162917,2234089472,18677760,3882983911,0,0,0,0,0,0,0,0,0,27,0,0,0,
493,95129948,2239725568,18677760,3883016995,0,0,0,0,0,0,0,0,0,27,0,0,0,
494,103225468,2244726784,18677760,3883047195,0,0,0,0,0,0,0,0,0,27,0,0,0,
495,92765625,2249523200,18677760,3883063579,0,0,0,0,0,0,0,0,0,27,0,0,0,
496,98954687,2255462400,18677760,3899845211,0,0,0,0,0,0,0,0,0,27,0,0,0,
497,93231771,2260541440,18677760,3899888131,0,0,0,0,0,0,0,0,0,27,0,0,0,
498,100665468,2265985024,18677760,3916687467,0,0,0,0,0,0,0,0,0,27,0,0,0,
499,93739635,2270457856,18677760,3916703851,0,0,0,0,0,0,0,0,0,27,0,0,0,
500,98113802,2276315136,18677760,3916703851,0,0,0,0,0,0,0,0,0,27,0,0,0,
501,101323803,2280951808,18677760,3933497451,0,0,0,0,0,0,0,0,0,27,0,0,0,
502,95122864,2285895680,18677760,3933516407,0,0,0,0,0,0,0,0,0,27,0,0,0,
503,97792656,2291634176,18677760,3950312579,0,0,0,0,0,0,0,0,0,27,0,0,0,
504,96111979,2296868864,18677760,3967097987,0,0,0,0,0,0,0,0,0,27,0,0,0,
505,104896146,2301960192,18677760,3967106179,0,0,0,0,0,0,0,0,0,27,0,0,0,
506,92701250,2306097152,18677760,3967128187,0,0,0,0,0,0,0,0,0,27,0,0,0,
507,99261615,2310033408,18677760,3983943907,0,0,0,0,0,0,0,0,0,27,0,0,0,
508,94177396,2315673600,18677760,3983960291,0,0,0,0,0,0,0,0,0,27,0,0,0,
509,99442344,2321215488,18677760,3983960179,0,0,0,0,0,0,0,0,0,27,0,0,0,
510,95477604,2326069248,18677760,3983968371,0,0,0,0,0,0,0,0,0,27,0,0,0,
511,98848594,2330832896,18677760,4000753779,0,0,0,0,0,0,0,0,0,27,0,0,0,
512,97351406,2335997952,18677760,4000772735,0,0,0,0,0,0,0,0,0,27,0,0,0,
513,98110417,2341322752,18677760,4000791691,0,0,0,0,0,0,0,0,0,27,0,0,0,
514,102682292,2346635264,18427904,4017302571,0,0,0,0,0,0,0,0,0,27,0,0,0,
515,96884948,2352222208,18427904,4034101795,0,0,0,0,0,0,0,0,0,27,0,0,0,
516,98742240,2356772864,18427904,4034123803,0,0,0,0,0,0,0,0,0,27,0,0,0,
517,98583073,2360991744,18427904,4034123803,0,0,0,0,0,0,0,0,0,27,0,0,0,
518,106910156,2366115840,18427904,4034123803,0,0,0,0,0,0,0,0,0,27,0,0,0,
519,97672083,2371371008,18427904,4050912103,0,0,0,0,0,0,0,0,0,27,0,0,0,
520,102820937,2375409664,18427904,4050931059,0,0,0,0,0,0,0,0,0,27,0,0,0,
521,109358542,2380832768,18427904,4067708275,0,0,0,0,0,0,0,0,0,27,0,0,0,
522,107747760,2385477632,18427904,4084504447,0,0,0,0,0,0,0,0,0,27,0,0,0,
523,98550573,2391150592,18427904,4084523403,0,0,0,0,0,0,0,0,0,27,0,0,0,
524,103678073,2397585408,18427904,4084507755,0,0,0,0,0,0,0,0,0,27,0,0,0,
525,105564010,2405437440,18427904,4084507755,0,0,0,0,0,0,0,0,0,27,0,0,0,
526,100648073,2409123840,18427904,4101284971,0,0,0,0,0,0,0,0,0,27,0,0,0,
527,107943333,2414088192,18427904,4118081143,0,0,0,0,0,0,0,0,0,27,0,0,0,
528,113416459,2418520064,18427904,4118100099,0,0,0,0,0,0,0,0,0,27,0,0,0,
529,104920312,2423914496,18427904,4118100099,0,0,0,0,0,0,0,0,0,27,0,0,0,
530,100443281,2429702144,18427904,4118119055,0,0,0,0,0,0,0,0,0,27,0,0,0,
531,111880625,2433986560,18427904,4134915227,0,0,0,0,0,0,0,0,0,27,0,0,0,
532,111660000,2440581120,18427904,4151692443,0,0,0,0,0,0,0,0,0,27,0,0,0,
533,108166875,2447667200,18427904,4151692443,0,0,0,0,0,0,0,0,0,27,0,0,0,
534,115591771,2455449600,18427904,4151699995,0,0,0,0,0,0,0,0,0,27,0,0,0,
535,113214739,2462879744,18427904,4168493595,0,0,0,0,0,0,0,0,0,27,0,0,0,
536,111033021,2470420480,18427904,4185319603,0,0,0,0,0,0,0,0,0,27,0,0,0,
537,104141354,2476912640,18427904,4185388119,0,0,0,0,0,0,0,0,0,27,0,0,0,
538,109624792,2483908608,18427904,4185412695,0,0,0,0,0,0,0,0,0,27,0,0,0,
539,115117969,2489298944,18427904,4202165663,0,0,0,0,0,0,0,0,0,27,0,0,0,
540,112204479,2494308352,18427904,4202191619,0,0,0,0,0,0,0,0,0,27,0,0,0,
541,114921511,2500227072,18427904,4218985219,0,0,0,0,0,0,0,0,0,27,0,0,0,
542,107374687,2504654848,18427904,4219027363,0,0,0,0,0,0,0,0,0,27,0,0,0,
543,117669219,2511056896,18427904,4219059523,0,0,0,0,0,0,0,0,0,27,0,0,0,
544,119587084,2516254720,18354176,4219019011,0,0,0,0,0,0,0,0,0,27,0,0,0,
545,112988490,2522189824,18354176,4235816803,0,0,0,0,0,0,0,0,0,27,0,0,0,
546,113531875,2529296384,18354176,4252602211,0,0,0,0,0,0,0,0,0,27,0,0,0,
547,116615105,2535972864,18354176,4252610403,0,0,0,0,0,0,0,0,0,27,0,0,0,
548,116022552,2541547520,18354176,4252642727,0,0,0,0,0,0,0,0,0,27,0,0,0,
549,115549792,2546368512,18354176,4269440551,0,0,0,0,0,0,0,0,0,27,0,0,0,
550,125223907,2551177216,18354176,4286253403,0,0,0,0,0,0,0,0,0,27,0,0,0,
551,130899271,2557284352,18354176,4286288255,0,0,0,0,0,0,0,0,0,27,0,0,0,
552,121870208,2561556480,18354176,4292587903,0,0,0,0,0,0,0,0,0,27,0,0,0,
553,130804636,2568634368,18354176,4292604287,0,0,0,0,0,0,0,0,0,27,0,0,0,
554,120500260,2573611008,18354176,4292637651,0,0,0,0,0,0,0,0,0,27,0,0,0,
555,120820572,2579144704,18354176,4309448231,0,0,0,0,0,0,0,0,0,27,0,0,0,
556,120292031,2588794880,18354176,4309485947,0,0,0,0,0,0,0,0,0,27,0,0,0,
557,120184010,2593398784,18354176,4326275707,0,0,0,0,0,0,0,0,0,27,0,0,0,
558,121812136,2600726528,18354176,4326300923,0,0,0,0,0,0,0,0,0,27,0,0,0,
559,136128542,2617511936,18354176,4363799803,0,0,0,0,0,0,0,0,0,27,0,0,0,
560,123101094,2622623744,18354176,4363838223,0,0,0,0,0,0,0,0,0,27,0,0,0,
561,122991875,2630676480,18354176,4363876067,0,0,0,0,0,0,0,0,0,27,0,0,0,
562,125497968,2635726848,18354176,4380680123,0,0,0,0,0,0,0,0,0,27,0,0,0,
563,120587604,2639736832,18354176,4380713487,0,0,0,0,0,0,0,0,0,27,0,0,0,
564,122341719,2645032960,18354176,4397511631,0,0,0,0,0,0,0,0,0,27,0,0,0,
565,133046927,2650251264,18354176,4397532559,0,0,0,0,0,0,0,0,0,27,0,0,0,
566,119287344,2656727040,18354176,4397570531,0,0,0,0,0,0,0,0,0,27,0,0,0,
567,136050521,2661683200,18354176,4414368739,0,0,0,0,0,0,0,0,0,27,0,0,0,
568,137246771,2667651072,18354176,4414385123,0,0,0,0,0,0,0,0,0,27,0,0,0,
569,132295885,2673389568,18354176,4431170531,0,0,0,0,0,0,0,0,0,27,0,0,0,
570,130610729,2677972992,18354176,4431197371,0,0,0,0,0,0,0,0,0,27,0,0,0,
571,135397813,2682920960,18354176,4431213755,0,0,0,0,0,0,0,0,0,27,0,0,0,
572,123808854,2687172608,18272256,4431154207,0,0,0,0,0,0,0,0,0,27,0,0,0,
573,133620260,2692456448,18272256,4464731011,0,0,0,0,0,0,0,0,0,27,0,0,0,
574,133385417,2699489280,18272256,4464739203,0,0,0,0,0,0,0,0,0,27,0,0,0,
575,129759167,2703884288,18272256,4464747395,0,0,0,0,0,0,0,0,0,27,0,0,0,
576,136536302,2708946944,18272256,4464769767,0,0,0,0,0,0,0,0,0,27,0,0,0,
577,139439427,2714931200,18272256,4464792139,0,0,0,0,0,0,0,0,0,27,0,0,0,
578,139259062,2723905536,18272256,4498362955,0,0,0,0,0,0,0,0,0,27,0,0,0,
579,139580104,2728407040,18272256,4498362507,0,0,0,0,0,0,0,0,0,27,0,0,0,
580,134147344,2733314048,18272256,4498395871,0,0,0,0,0,0,0,0,0,27,0,0,0,
581,140771823,2738614272,18272256,4498404063,0,0,0,0,0,0,0,0,0,27,0,0,0,
582,142536302,2742763520,18272256,4498404063,0,0,0,0,0,0,0,0,0,27,0,0,0,
583,148575572,2748719104,18272256,4531983667,0,0,0,0,0,0,0,0,0,27,0,0,0,
584,134440313,2753028096,18272256,4531975091,0,0,0,0,0,0,0,0,0,27,0,0,0,
585,130031875,2757574656,18272256,4531983283,0,0,0,0,0,0,0,0,0,27,0,0,0,
586,138850208,2765377536,18272256,4532008455,0,0,0,0,0,0,0,0,0,27,0,0,0,
587,141091250,2771341312,18272256,4548810843,0,0,0,0,0,0,0,0,0,27,0,0,0,
588,142125677,2776383488,18272256,4548819035,0,0,0,0,0,0,0,0,0,27,0,0,0,
589,145099428,2782048256,18272256,4565604443,0,0,0,0,0,0,0,0,0,27,0,0,0,
590,149463750,2788044800,18272256,4565629615,0,0,0,0,0,0,0,0,0,27,0,0,0,
591,142450260,2797182976,18272256,4565654787,0,0,0,0,0,0,0,0,0,27,0,0,0,
592,145531875,2804367360,18272256,4582457175,0,0,0,0,0,0,0,0,0,27,0,0,0,
593,150687656,2810011648,18272256,4599242583,0,0,0,0,0,0,0,0,0,27,0,0,0,
594,149424323,2815762432,18272256,4599250775,0,0,0,0,0,0,0,0,0,27,0,0,0,
595,141757969,2820235264,18272256,4599250775,0,0,0,0,0,0,0,0,0,27,0,0,0,
596,160304739,2827313152,18272256,4599267159,0,0,0,0,0,0,0,0,0,27,0,0,0,
597,148717917,2833649664,18272256,4599283543,0,0,0,0,0,0,0,0,0,27,0,0,0,
598,152741250,2838323200,18272256,4599310383,0,0,0,0,0,0,0,0,0,27,0,0,0,
599,160279895,2843705344,17969152,4632580359,0,0,0,0,0,0,0,0,0,27,0,0,0,
600,152059635,2850664448,17969152,4632599007,0,0,0,0,0,0,0,0,0,27,0,0,0,
601,158968020,2858131456,17969152,4632599007,0,0,0,0,0,0,0,0,0,27,0,0,0,
602,149419271,2861867008,17969152,4632607199,0,0,0,0,0,0,0,0,0,27,0,0,0,
603,150240989,2867073024,17969152,4632615391,0,0,0,0,0,0,0,0,0,27,0,0,0,
604,160333385,2872033280,17969152,4649400799,0,0,0,0,0,0,0,0,0,27,0,0,0,
605,150730156,2876735488,17969152,4649419447,0,0,0,0,0,0,0,0,0,27,0,0,0,
606,159557761,2882007040,17969152,4666215311,0,0,0,0,0,0,0,0,0,27,0,0,0,
607,154496666,2889109504,17969152,4666233959,0,0,0,0,0,0,0,0,0,27,0,0,0,
608,162718125,2893578240,17969152,4683029823,0,0,0,0,0,0,0,0,0,27,0,0,0,
609,159457187,2899046400,17969152,4683022463,0,0,0,0,0,0,0,0,0,27,0,0,0,
610,162652396,2906177536,17969152,4699807871,0,0,0,0,0,0,0,0,0,27,0,0,0,
611,158550468,2912567296,17969152,4716593279,0,0,0,0,0,0,0,0,0,27,0,0,0,
612,153942657,2919321600,17969152,4716611927,0,0,0,0,0,0,0,0,0,27,0,0,0,
613,158868333,2923859968,17969152,4716620119,0,0,0,0,0,0,0,0,0,27,0,0,0,
614,160903281,2928955392,17969152,4750177559,0,0,0,0,0,0,0,0,0,27,0,0,0,
615,158581770,2934243328,17969152,4750185751,0,0,0,0,0,0,0,0,0,27,0,0,0,
616,164258073,2939559936,17969152,4750193943,0,0,0,0,0,0,0,0,0,27,0,0,0,
617,165556719,2944421888,17969152,4766979351,0,0,0,0,0,0,0,0,0,27,0,0,0,
618,165960052,2948702208,17969152,4766987543,0,0,0,0,0,0,0,0,0,27,0,0,0,
619,162459739,2953932800,17969152,4783754647,0,0,0,0,0,0,0,0,0,27,0,0,0,
620,176323177,2959110144,17969152,4783762839,0,0,0,0,0,0,0,0,0,27,0,0,0,
621,176310209,2966077440,17969152,4783771031,0,0,0,0,0,0,0,0,0,27,0,0,0,
622,169241250,2970701824,17969152,4783779223,0,0,0,0,0,0,0,0,0,27,0,0,0,
623,164640781,2974871552,17969152,4800564631,0,0,0,0,0,0,0,0,0,27,0,0,0,
624,180936094,2979848192,17969152,4817332247,0,0,0,0,0,0,0,0,0,27,0,0,0,
625,180430938,2985693184,17969152,4817340439,0,0,0,0,0,0,0,0,0,27,0,0,0,
626,173604480,2988068864,17969152,4817348631,0,0,0,0,0,0,0,0,0,27,0,0,0,
627,179709896,3001565184,17969152,4817356823,0,0,0,0,0,0,0,0,0,27,0,0,0,
628,183742656,3006935040,17969152,4817365015,0,0,0,0,0,0,0,0,0,27,0,0,0,
629,185019271,3011579904,17969152,4834141719,0,0,0,0,0,0,0,0,0,27,0,0,0,
630,180429687,3013591040,17969152,4850918935,0,0,0,0,0,0,0,0,0,27,0,0,0,
631,177227813,3016720384,17969152,4850937583,0,0,0,0,0,0,0,0,0,27,0,0,0,
632,191802552,3024420864,17969152,4850956231,0,0,0,0,0,0,0,0,0,27,0,0,0,
633,188300208,3032358912,17969152,4867752095,0,0,0,0,0,0,0,0,0,27,0,0,0,
634,198322344,3039649792,17969152,4867770743,0,0,0,0,0,0,0,0,0,27,0,0,0,
635,191319011,3045289984,17969152,4867789391,0,0,0,0,0,0,0,0,0,27,0,0,0,
636,198911615,3050131456,17997824,4867836711,0,0,0,0,0,0,0,0,0,27,0,0,0,
637,186683021,3053379584,17997824,4867855359,0,0,0,0,0,0,0,0,0,27,0,0,0,
638,217494583,3059376128,17997824,4884640767,0,0,0,0,0,0,0,0,0,27,0,0,0,
639,187879115,3065806848,17997824,4884640767,0,0,0,0,0,0,0,0,0,27,0,0,0,
640,194918073,3072561152,17997824,4901426175,0,0,0,0,0,0,0,0,0,27,0,0,0,
641,198132344,3076399104,17997824,4901434367,0,0,0,0,0,0,0,0,0,27,0,0,0,
642,201260521,3083419648,17997824,4901442559,0,0,0,0,0,0,0,0,0,27,0,0,0,
643,214150312,3088867328,17997824,4935005183,0,0,0,0,0,0,0,0,0,27,0,0,0,
644,198430104,3095683072,17997824,4935005183,0,0,0,0,0,0,0,0,0,27,0,0,0,
645,210111562,3100909568,17997824,4935031547,0,0,0,0,0,0,0,0,0,27,0,0,0,
646,198176146,3105169408,17997824,4951816955,0,0,0,0,0,0,0,0,0,27,0,0,0,
647,193605833,3112370176,17997824,4951825147,0,0,0,0,0,0,0,0,0,27,0,0,0,
648,211379532,3120140288,17997824,4951833339,0,0,0,0,0,0,0,0,0,27,0,0,0,
649,203433281,3125526528,17997824,4968600099,0,0,0,0,0,0,0,0,0,27,0,0,0,
650,200914010,3127906304,17936384,4968538659,0,0,0,0,0,0,0,0,0,27,0,0,0,
651,210901875,3136024576,17936384,4968546851,0,0,0,0,0,0,0,0,0,27,0,0,0,
652,217177084,3143094272,17936384,4985342239,0,0,0,0,0,0,0,0,0,27,0,0,0,
653,210102448,3146321920,17936384,4985360411,0,0,0,0,0,0,0,0,0,27,0,0,0,
654,195884791,3153207296,17936384,5002155799,0,0,0,0,0,0,0,0,0,27,0,0,0,
655,212832760,3161210880,17936384,5002155799,0,0,0,0,0,0,0,0,0,27,0,0,0,
656,231384219,3170787328,17936384,5018951187,0,0,0,0,0,0,0,0,0,27,0,0,0,
657,221179479,3177558016,17936384,5018959379,0,0,0,0,0,0,0,0,0,27,0,0,0,
658,212933438,3182985216,17936384,5018967571,0,0,0,0,0,0,0,0,0,27,0,0,0,
659,215118802,3187347456,17936384,5018975763,0,0,0,0,0,0,0,0,0,27,0,0,0,
660,209786458,3190308864,17936384,5035761171,0,0,0,0,0,0,0,0,0,27,0,0,0,
661,223277395,3192373248,17936384,5035761171,0,0,0,0,0,0,0,0,0,27,0,0,0,
662,215481562,3196690432,17936384,5035769363,0,0,0,0,0,0,0,0,0,27,0,0,0,
663,204073906,3203002368,17936384,5035777555,0,0,0,0,0,0,0,0,0,27,0,0,0,
664,221337396,3209601024,17936384,5035795727,0,0,0,0,0,0,0,0,0,27,0,0,0,
665,225425573,3215704064,17936384,5052572943,0,0,0,0,0,0,0,0,0,27,0,0,0,
666,223623072,3222364160,17936384,5069368331,0,0,0,0,0,0,0,0,0,27,0,0,0,
667,217195885,3226931200,17936384,5069386503,0,0,0,0,0,0,0,0,0,27,0,0,0,
668,233324167,3231809536,17936384,5069404675,0,0,0,0,0,0,0,0,0,27,0,0,0,
669,219104896,3238371328,17936384,5069404675,0,0,0,0,0,0,0,0,0,27,0,0,0,
670,233732760,3249442816,17936384,5086190083,0,0,0,0,0,0,0,0,0,27,0,0,0,
671,237321302,3252658176,17936384,5086198275,0,0,0,0,0,0,0,0,0,27,0,0,0,
672,252483490,3257610240,17936384,5103008731,0,0,0,0,0,0,0,0,0,27,0,0,0,
673,245572084,3265208320,17936384,5103026903,0,0,0,0,0,0,0,0,0,27,0,0,0,
674,246657968,3266478080,17936384,5103001155,0,0,0,0,0,0,0,0,0,27,0,0,0,
675,231392709,3272982528,17936384,5119796543,0,0,0,0,0,0,0,0,0,27,0,0,0,
676,227465469,3279220736,17936384,5119804735,0,0,0,0,0,0,0,0,0,27,0,0,0,
677,236752709,3283869696,17936384,5136581951,0,0,0,0,0,0,0,0,0,27,0,0,0,
678,243460365,3293966336,17936384,5136590143,0,0,0,0,0,0,0,0,0,27,0,0,0,
679,260939322,3296796672,17936384,5136598335,0,0,0,0,0,0,0,0,0,27,0,0,0,
680,252442552,3301343232,17936384,5136598335,0,0,0,0,0,0,0,0,0,27,0,0,0,
681,256534531,3309486080,17936384,5136606527,0,0,0,0,0,0,0,0,0,27,0,0,0,
682,241512187,3315920896,17936384,5153391935,0,0,0,0,0,0,0,0,0,27,0,0,0,
683,262297343,3320221696,17936384,5153400127,0,0,0,0,0,0,0,0,0,27,0,0,0,
684,251432812,3323002880,17936384,5153400127,0,0,0,0,0,0,0,0,0,27,0,0,0,
685,256543959,3326431232,17936384,5153408319,0,0,0,0,0,0,0,0,0,27,0,0,0,
686,249690989,3332636672,17936384,5153408319,0,0,0,0,0,0,0,0,0,27,0,0,0,
687,265133594,3342278656,17936384,5170193727,0,0,0,0,0,0,0,0,0,27,0,0,0,
688,253065521,3347415040,17936384,5170193727,0,0,0,0,0,0,0,0,0,27,0,0,0,
689,256144375,3349499904,17936384,5170201919,0,0,0,0,0,0,0,0,0,27,0,0,0,
690,259728906,3352481792,17936384,5170201919,0,0,0,0,0,0,0,0,0,27,0,0,0,
691,261346406,3362402304,17936384,5170210111,0,0,0,0,0,0,0,0,0,27,0,0,0,
692,257891771,3366338560,17936384,5186995519,0,0,0,0,0,0,0,0,0,27,0,0,0,
693,280842448,3374104576,17936384,5203780927,0,0,0,0,0,0,0,0,0,27,0,0,0,
694,265741666,3377274880,17936384,5203780927,0,0,0,0,0,0,0,0,0,27,0,0,0,
695,280993646,3381141504,17936384,5203789119,0,0,0,0,0,0,0,0,0,27,0,0,0,
696,276259791,3385790464,17936384,5203789119,0,0,0,0,0,0,0,0,0,27,0,0,0,
697,265607760,3390009344,17936384,5203807291,0,0,0,0,0,0,0,0,0,27,0,0,0,
698,286325261,3392131072,17936384,5203807291,0,0,0,0,0,0,0,0,0,27,0,0,0,
699,271708646,3397480448,17936384,5203825463,0,0,0,0,0,0,0,0,0,27,0,0,0,
700,275040521,3405185024,17936384,5203825463,0,0,0,0,0,0,0,0,0,27,0,0,0,
701,316721146,3416752128,17936384,5237388087,0,0,0,0,0,0,0,0,0,27,0,0,0,
702,282322396,3420426240,17936384,5237388087,0,0,0,0,0,0,0,0,0,27,0,0,0,
703,281596406,3424776192,17936384,5237396279,0,0,0,0,0,0,0,0,0,27,0,0,0,
704,286645990,3430821888,17936384,5237404471,0,0,0,0,0,0,0,0,0,27,0,0,0,
705,297744635,3439603712,17936384,5254181687,0,0,0,0,0,0,0,0,0,27,0,0,0,
706,286353385,3446120448,17936384,5254189879,0,0,0,0,0,0,0,0,0,27,0,0,0,
707,309879479,3451838464,17936384,5270967095,0,0,0,0,0,0,0,0,0,27,0,0,0,
708,315405833,3455553536,17936384,5270985267,0,0,0,0,0,0,0,0,0,27,0,0,0,
709,291592448,3457081344,17936384,5270985267,0,0,0,0,0,0,0,0,0,27,0,0,0,
710,298086822,3459248128,17936384,5271003439,0,0,0,0,0,0,0,0,0,27,0,0,0,
711,284066510,3461447680,17936384,5271003439,0,0,0,0,0,0,0,0,0,27,0,0,0,
712,313062761,3463458816,17936384,5271003439,0,0,0,0,0,0,0,0,0,27,0,0,0,
713,282728698,3466895360,17936384,5271011631,0,0,0,0,0,0,0,0,0,27,0,0,0,
714,281914583,3468353536,17936384,5271011631,0,0,0,0,0,0,0,0,0,27,0,0,0,
715,309291614,3473199104,17936384,5271019823,0,0,0,0,0,0,0,0,0,27,0,0,0,
716,304122083,3476819968,17936384,5271019823,0,0,0,0,0,0,0,0,0,27,0,0,0,
717,304929375,3481038848,17936384,5271055775,0,0,0,0,0,0,0,0,0,27,0,0,0,
718,301890624,3486494720,17936384,5287832991,0,0,0,0,0,0,0,0,0,27,0,0,0,
719,314403333,3492327424,17936384,5287835259,0,0,0,0,0,0,0,0,0,27,0,0,0,
720,294814062,3496964096,17936384,5304612475,0,0,0,0,0,0,0,0,0,27,0,0,0,
721,304510990,3503935488,17936384,5304620667,0,0,0,0,0,0,0,0,0,27,0,0,0,
722,308654688,3506126848,17936384,5304620667,0,0,0,0,0,0,0,0,0,27,0,0,0,
723,306429427,3511218176,17936384,5304628859,0,0,0,0,0,0,0,0,0,27,0,0,0,
724,304830260,3514052608,17936384,5304628859,0,0,0,0,0,0,0,0,0,27,0,0,0,
725,321582187,3518779392,17936384,5304628859,0,0,0,0,0,0,0,0,0,27,0,0,0,
726,317974166,3522392064,17936384,5304628859,0,0,0,0,0,0,0,0,0,27,0,0,0,
727,312793281,3525181440,17936384,5304628859,0,0,0,0,0,0,0,0,0,27,0,0,0,
728,330726719,3527745536,17936384,5304628859,0,0,0,0,0,0,0,0,0,27,0,0,0,
729,309871093,3532144640,17936384,5304628859,0,0,0,0,0,0,0,0,0,27,0,0,0,
730,310200104,3535757312,17936384,5304628859,0,0,0,0,0,0,0,0,0,27,0,0,0,
731,326699584,3539300352,17936384,5321406075,0,0,0,0,0,0,0,0,0,27,0,0,0,
732,319533229,3541807104,17936384,5321406075,0,0,0,0,0,0,0,0,0,27,0,0,0,
733,337717395,3548573696,17936384,5338191483,0,0,0,0,0,0,0,0,0,27,0,0,0,
734,336699219,3551514624,17936384,5338191483,0,0,0,0,0,0,0,0,0,27,0,0,0,
735,320883125,3554893824,17936384,5338191483,0,0,0,0,0,0,0,0,0,27,0,0,0,
736,318214896,3556593664,17936384,5338191483,0,0,0,0,0,0,0,0,0,27,0,0,0,
737,320315520,3558735872,17936384,5338191483,0,0,0,0,0,0,0,0,0,27,0,0,0,
738,329279114,3564056576,17936384,5338191483,0,0,0,0,0,0,0,0,0,27,0,0,0,
739,337557916,3568336896,17936384,5338191483,0,0,0,0,0,0,0,0,0,27,0,0,0,
740,335047291,3570188288,17936384,5338191483,0,0,0,0,0,0,0,0,0,27,0,0,0,
741,348553646,3574513664,17936384,5338191483,0,0,0,0,0,0,0,0,0,27,0,0,0,
742,333162708,3576864768,17858560,5338113659,0,0,0,0,0,0,0,0,0,27,0,0,0,
743,366524375,3582787584,17858560,5354909999,0,0,0,0,0,0,0,0,0,27,0,0,0,
744,348398437,3587330048,17858560,5354909999,0,0,0,0,0,0,0,0,0,27,0,0,0,
745,331380156,3589959680,17858560,5354909999,0,0,0,0,0,0,0,0,0,27,0,0,0,
746,360964114,3591184384,17858560,5371687215,0,0,0,0,0,0,0,0,0,27,0,0,0,
747,340804584,3592425472,17858560,5371687215,0,0,0,0,0,0,0,0,0,27,0,0,0,
748,349961510,3596476416,17858560,5371687215,0,0,0,0,0,0,0,0,0,27,0,0,0,
749,371012864,3594915840,17858560,5371687215,0,0,0,0,0,0,0,0,0,27,0,0,0,
750,341599010,3596742656,17858560,5371687215,0,0,0,0,0,0,0,0,0,27,0,0,0,
751,375133281,3597787136,17858560,5371687215,0,0,0,0,0,0,0,0,0,27,0,0,0,
752,350055781,3600494592,17858560,5371687215,0,0,0,0,0,0,0,0,0,27,0,0,0,
753,372783593,3603558400,17858560,5388483555,0,0,0,0,0,0,0,0,0,27,0,0,0,
754,352887812,3604672512,17858560,5388483555,0,0,0,0,0,0,0,0,0,27,0,0,0,
755,365781979,3609006080,17858560,5405260771,0,0,0,0,0,0,0,0,0,27,0,0,0,
756,346077656,3611508736,17858560,5405260771,0,0,0,0,0,0,0,0,0,27,0,0,0,
757,367897656,3614519296,17858560,5405260771,0,0,0,0,0,0,0,0,0,27,0,0,0,
758,362243334,3616235520,17858560,5405260771,0,0,0,0,0,0,0,0,0,27,0,0,0,
759,365795469,3617546240,17858560,5405260771,0,0,0,0,0,0,0,0,0,27,0,0,0,
760,355354271,3619250176,17858560,5405260771,0,0,0,0,0,0,0,0,0,27,0,0,0,
761,370050573,3622809600,17858560,5405260771,0,0,0,0,0,0,0,0,0,27,0,0,0,
762,368234218,3625791488,17858560,5422037987,0,0,0,0,0,0,0,0,0,27,0,0,0,
763,372860834,3631439872,17858560,5422066815,0,0,0,0,0,0,0,0,0,27,0,0,0,
764,372200052,3633778688,17866752,5422053475,0,0,0,0,0,0,0,0,0,27,0,0,0,
765,398579844,3635142656,17870848,5422057571,0,0,0,0,0,0,0,0,0,27,0,0,0,
766,357756563,3637293056,17870848,5422057571,0,0,0,0,0,0,0,0,0,27,0,0,0,
767,384384114,3637682176,17870848,5422057571,0,0,0,0,0,0,0,0,0,27,0,0,0,
768,379525000,3639914496,17870848,5438834787,0,0,0,0,0,0,0,0,0,27,0,0,0,
769,397317031,3642007552,17870848,5438834787,0,0,0,0,0,0,0,0,0,27,0,0,0,
770,386970677,3643879424,17870848,5438834787,0,0,0,0,0,0,0,0,0,27,0,0,0,
771,412470313,3647524864,17870848,5438834787,0,0,0,0,0,0,0,0,0,27,0,0,0,
772,359802812,3647864832,17870848,5438834787,0,0,0,0,0,0,0,0,0,27,0,0,0,
773,397803749,3649814528,17870848,5438873543,0,0,0,0,0,0,0,0,0,27,0,0,0,
774,394034635,3652411392,17870848,5438842195,0,0,0,0,0,0,0,0,0,27,0,0,0,
775,379087500,3653271552,17870848,5455619411,0,0,0,0,0,0,0,0,0,27,0,0,0,
776,383651146,3651977216,17870848,5455619411,0,0,0,0,0,0,0,0,0,27,0,0,0,
777,392327604,3656507392,17870848,5455619411,0,0,0,0,0,0,0,0,0,27,0,0,0,
778,400065260,3658002432,17870848,5472396627,0,0,0,0,0,0,0,0,0,27,0,0,0,
779,400154323,3658387456,17870848,5472396627,0,0,0,0,0,0,0,0,0,27,0,0,0,
780,404319063,3650146304,17870848,5472396627,0,0,0,0,0,0,0,0,0,27,0,0,0,
781,418197292,3649044480,17870848,5472396627,0,0,0,0,0,0,0,0,0,27,0,0,0,
782,400692291,3651186688,17870848,5472396627,0,0,0,0,0,0,0,0,0,27,0,0,0,
783,402159427,3656228864,17870848,5472424643,0,0,0,0,0,0,0,0,0,27,0,0,0,
784,412746302,3660050432,17870848,5472402271,0,0,0,0,0,0,0,0,0,27,0,0,0,
785,413421042,3664965632,17870848,5472402271,0,0,0,0,0,0,0,0,0,27,0,0,0,
786,433182239,3667308544,17784832,5489093471,0,0,0,0,0,0,0,0,0,27,0,0,0,
787,437679843,3668926464,17784832,5489093471,0,0,0,0,0,0,0,0,0,27,0,0,0,
788,405664583,3668926464,17784832,5489093471,0,0,0,0,0,0,0,0,0,27,0,0,0,
789,408230937,3672834048,17784832,5489093471,0,0,0,0,0,0,0,0,0,27,0,0,0,
790,423934583,3673104384,17784832,5489093471,0,0,0,0,0,0,0,0,0,27,0,0,0,
791,437803437,3680223232,17784832,5505870687,0,0,0,0,0,0,0,0,0,27,0,0,0,
792,416218281,3682082816,17784832,5505870687,0,0,0,0,0,0,0,0,0,27,0,0,0,
793,428125729,3686268928,17784832,5522656095,0,0,0,0,0,0,0,0,0,27,0,0,0,
794,449511719,3688353792,17784832,5522656095,0,0,0,0,0,0,0,0,0,27,0,0,0,
795,436583282,3688894464,17784832,5522656095,0,0,0,0,0,0,0,0,0,27,0,0,0,
796,422267292,3689680896,17784832,5522656095,0,0,0,0,0,0,0,0,0,27,0,0,0,
797,471398333,3694092288,17784832,5522656095,0,0,0,0,0,0,0,0,0,27,0,0,0,
798,436894584,3696508928,17784832,5522656095,0,0,0,0,0,0,0,0,0,27,0,0,0,
799,435666614,3697573888,17784832,5522656095,0,0,0,0,0,0,0,0,0,27,0,0,0,
800,447790000,3700760576,17784832,5522656095,0,0,0,0,0,0,0,0,0,27,0,0,0,
801,459279895,3702366208,17784832,5522656095,0,0,0,0,0,0,0,0,0,27,0,0,0,
802,445923594,3705843712,17784832,5539433311,0,0,0,0,0,0,0,0,0,27,0,0,0,
803,433711094,3710119936,17784832,5539441503,0,0,0,0,0,0,0,0,0,27,0,0,0,
804,460660625,3714506752,17784832,5539441503,0,0,0,0,0,0,0,0,0,27,0,0,0,
805,467521667,3715035136,17784832,5539441503,0,0,0,0,0,0,0,0,0,27,0,0,0,
806,460258541,3718504448,17784832,5556218719,0,0,0,0,0,0,0,0,0,27,0,0,0,
807,456520676,3719307264,17784832,5556218719,0,0,0,0,0,0,0,0,0,27,0,0,0,
808,463607135,3721449472,17784832,5556218719,0,0,0,0,0,0,0,0,0,27,0,0,0,
809,466820781,3722252288,17784832,5556218719,0,0,0,0,0,0,0,0,0,27,0,0,0,
810,460371094,3726274560,17784832,5556218719,0,0,0,0,0,0,0,0,0,27,0,0,0,
811,482902499,3729727488,17784832,5556218719,0,0,0,0,0,0,0,0,0,27,0,0,0,
812,464677396,3737227264,17784832,5589773151,0,0,0,0,0,0,0,0,0,27,0,0,0,
813,480583072,3740467200,17784832,5589781343,0,0,0,0,0,0,0,0,0,27,0,0,0,
814,458137865,3742699520,17784832,5589781343,0,0,0,0,0,0,0,0,0,27,0,0,0,
815,478593281,3745566720,17784832,5589781343,0,0,0,0,0,0,0,0,0,27,0,0,0,
816,484065208,3748159488,17784832,5589781343,0,0,0,0,0,0,0,0,0,27,0,0,0,
817,473469115,3750625280,17784832,5589781343,0,0,0,0,0,0,0,0,0,27,0,0,0,
818,495582812,3758075904,17784832,5589781343,0,0,0,0,0,0,0,0,0,27,0,0,0,
819,467074323,3760926720,17784832,5589781343,0,0,0,0,0,0,0,0,0,27,0,0,0,
820,476712500,3763601408,17784832,5589781343,0,0,0,0,0,0,0,0,0,27,0,0,0,
821,503157969,3764600832,17784832,5589781343,0,0,0,0,0,0,0,0,0,27,0,0,0,
822,486678437,3766996992,17784832,5589781343,0,0,0,0,0,0,0,0,0,27,0,0,0,
823,499872083,3774033920,17784832,5606566751,0,0,0,0,0,0,0,0,0,27,0,0,0,
824,480208177,3774844928,17784832,5606566751,0,0,0,0,0,0,0,0,0,27,0,0,0,
825,511757395,3777658880,17784832,5623343967,0,0,0,0,0,0,0,0,0,27,0,0,0,
826,484043073,3778195456,17784832,5623343967,0,0,0,0,0,0,0,0,0,27,0,0,0,
827,503198073,3780337664,17784832,5623343967,0,0,0,0,0,0,0,0,0,27,0,0,0,
828,493020572,3780874240,17784832,5623343967,0,0,0,0,0,0,0,0,0,27,0,0,0,
829,525347240,3784585216,17784832,5623343967,0,0,0,0,0,0,0,0,0,27,0,0,0,
830,496310833,3786444800,17784832,5623343967,0,0,0,0,0,0,0,0,0,27,0,0,0,
831,511891875,3790204928,17784832,5623343967,0,0,0,0,0,0,0,0,0,27,0,0,0,
832,511587760,3797794816,17784832,5660830559,0,0,0,0,0,0,0,0,0,27,0,0,0,
833,511663385,3805253632,17784832,5660838751,0,0,0,0,0,0,0,0,0,27,0,0,0,
834,522401094,3816484864,17784832,5677615967,0,0,0,0,0,0,0,0,0,27,0,0,0,
835,512489218,3819114496,17784832,5694393183,0,0,0,0,0,0,0,0,0,27,0,0,0,
836,502554948,3819339776,17784832,5694393183,0,0,0,0,0,0,0,0,0,27,0,0,0,
837,522528437,3819974656,17784832,5694393183,0,0,0,0,0,0,0,0,0,27,0,0,0,
838,514248490,3820699648,17784832,5694393183,0,0,0,0,0,0,0,0,0,27,0,0,0,
839,516235312,3823095808,17784832,5694393183,0,0,0,0,0,0,0,0,0,27,0,0,0,
840,513131145,3823333376,17784832,5694393183,0,0,0,0,0,0,0,0,0,27,0,0,0,
841,541172656,3823865856,17784832,5694393183,0,0,0,0,0,0,0,0,0,27,0,0,0,
842,529714010,3828666368,17784832,5694393183,0,0,0,0,0,0,0,0,0,27,0,0,0,
843,529828906,3833688064,17784832,5694401375,0,0,0,0,0,0,0,0,0,27,0,0,0,
844,552491927,3837030400,17784832,5694401375,0,0,0,0,0,0,0,0,0,27,0,0,0,
845,521587032,3839950848,17784832,5694401375,0,0,0,0,0,0,0,0,0,27,0,0,0,
846,542331719,3842260992,17784832,5694401375,0,0,0,0,0,0,0,0,0,27,0,0,0,
847,548363438,3844808704,17784832,5694401375,0,0,0,0,0,0,0,0,0,27,0,0,0,
848,539583645,3846447104,17784832,5694401375,0,0,0,0,0,0,0,0,0,27,0,0,0,
849,526218645,3848851456,17784832,5711178591,0,0,0,0,0,0,0,0,0,27,0,0,0,
850,543330104,3850526720,17784832,5727955807,0,0,0,0,0,0,0,0,0,27,0,0,0,
851,550335417,3851599872,17784832,5727955807,0,0,0,0,0,0,0,0,0,27,0,0,0,
852,561270833,3855065088,17784832,5727955807,0,0,0,0,0,0,0,0,0,27,0,0,0,
853,539830989,3860488192,17784832,5727963999,0,0,0,0,0,0,0,0,0,27,0,0,0,
854,545640781,3862884352,17784832,5727963999,0,0,0,0,0,0,0,0,0,27,0,0,0,
855,550608281,3866181632,17784832,5727963999,0,0,0,0,0,0,0,0,0,27,0,0,0,
856,563868438,3867504640,17784832,5727963999,0,0,0,0,0,0,0,0,0,27,0,0,0,
857,573326041,3871858688,17784832,5727963999,0,0,0,0,0,0,0,0,0,27,0,0,0,
858,553291562,3872645120,17784832,5727963999,0,0,0,0,0,0,0,0,0,27,0,0,0,
859,556029271,3875737600,17784832,5744741215,0,0,0,0,0,0,0,0,0,27,0,0,0,
860,585380781,3878301696,17784832,5744741215,0,0,0,0,0,0,0,0,0,27,0,0,0,
861,587822291,3880402944,17784832,5744741215,0,0,0,0,0,0,0,0,0,27,0,0,0,
862,583825989,3882971136,17784832,5744741215,0,0,0,0,0,0,0,0,0,27,0,0,0,
863,565997499,3886047232,17784832,5744760339,0,0,0,0,0,0,0,0,0,27,0,0,0,
864,596618802,3891675136,17784832,5761537555,0,0,0,0,0,0,0,0,0,27,0,0,0,
865,567799531,3893026816,17784832,5761537555,0,0,0,0,0,0,0,0,0,27,0,0,0,
866,588455208,3895652352,17784832,5761537555,0,0,0,0,0,0,0,0,0,27,0,0,0,
867,575302448,3895918592,17784832,5761537555,0,0,0,0,0,0,0,0,0,27,0,0,0,
868,588653958,3899916288,17784832,5761537555,0,0,0,0,0,0,0,0,0,27,0,0,0,
869,590039843,3901468672,17784832,5761537555,0,0,0,0,0,0,0,0,0,27,0,0,0,
870,621957603,3907276800,17784832,5778314771,0,0,0,0,0,0,0,0,0,27,0,0,0,
871,622198542,3913691136,17784832,5778314771,0,0,0,0,0,0,0,0,0,27,0,0,0,
872,582423490,3915886592,17784832,5778314771,0,0,0,0,0,0,0,0,0,27,0,0,0,
873,592409531,3921731584,17784832,5778322963,0,0,0,0,0,0,0,0,0,27,0,0,0,
874,596569896,3925172224,17784832,5778322963,0,0,0,0,0,0,0,0,0,27,0,0,0,
875,587627291,3925975040,17784832,5778322963,0,0,0,0,0,0,0,0,0,27,0,0,0,
876,596860625,3928330240,17784832,5811877395,0,0,0,0,0,0,0,0,0,27,0,0,0,
877,606802656,3928866816,17784832,5811877395,0,0,0,0,0,0,0,0,0,27,0,0,0,
878,594194114,3931529216,17784832,5811877395,0,0,0,0,0,0,0,0,0,27,0,0,0,
879,630660052,3935567872,17784832,5811877395,0,0,0,0,0,0,0,0,0,27,0,0,0,
880,611846666,3937058816,17784832,5811877395,0,0,0,0,0,0,0,0,0,27,0,0,0,
881,620615260,3938217984,17784832,5811877395,0,0,0,0,0,0,0,0,0,27,0,0,0,
882,638426615,3942084608,17784832,5811877395,0,0,0,0,0,0,0,0,0,27,0,0,0,
883,630629323,3948793856,17784832,5811885587,0,0,0,0,0,0,0,0,0,27,0,0,0,
884,656905260,3950686208,17784832,5811885587,0,0,0,0,0,0,0,0,0,27,0,0,0,
885,644886094,3952578560,17784832,5811885587,0,0,0,0,0,0,0,0,0,27,0,0,0,
886,626527760,3955208192,17784832,5811885587,0,0,0,0,0,0,0,0,0,27,0,0,0,
887,623494636,3959242752,17784832,5811885587,0,0,0,0,0,0,0,0,0,27,0,0,0,
888,647474843,3960852480,17784832,5811885587,0,0,0,0,0,0,0,0,0,27,0,0,0,
889,639303646,3961122816,17784832,5811885587,0,0,0,0,0,0,0,0,0,27,0,0,0,
890,634537448,3964329984,17784832,5811885587,0,0,0,0,0,0,0,0,0,27,0,0,0,
891,639033854,3977388032,17784832,5845440019,0,0,0,0,0,0,0,0,0,27,0,0,0,
892,656062708,3976110080,17784832,5845440019,0,0,0,0,0,0,0,0,0,27,0,0,0,
893,621290365,3981455360,17784832,5845459143,0,0,0,0,0,0,0,0,0,27,0,0,0,
894,671966302,3982233600,17784832,5845459143,0,0,0,0,0,0,0,0,0,27,0,0,0,
895,658901614,3984371712,17784832,5845459143,0,0,0,0,0,0,0,0,0,27,0,0,0,
896,642057604,3985973248,17784832,5845459143,0,0,0,0,0,0,0,0,0,27,0,0,0,
897,666949166,3985973248,17784832,5845459143,0,0,0,0,0,0,0,0,0,27,0,0,0,
898,663098906,3987865600,17784832,5845459143,0,0,0,0,0,0,0,0,0,27,0,0,0,
899,654555833,3989299200,17784832,5845459143,0,0,0,0,0,0,0,0,0,27,0,0,0,
900,667864999,3990257664,17784832,5845459143,0,0,0,0,0,0,0,0,0,27,0,0,0,
901,697085781,3985539072,15548416,5843222727,0,0,0,0,0,0,0,0,0,27,0,0,0,
902,681411666,3988914176,15548416,5859999943,0,0,0,0,0,0,0,0,0,27,0,0,0,
903,681138489,3998466048,15548416,5876785351,0,0,0,0,0,0,0,0,0,27,0,0,0,
904,677323594,3999100928,15548416,5876785351,0,0,0,0,0,0,0,0,0,27,0,0,0,
905,657716926,3999850496,15548416,5876785351,0,0,0,0,0,0,0,0,0,27,0,0,0,
906,696655989,4002811904,15548416,5876785351,0,0,0,0,0,0,0,0,0,27,0,0,0,
907,691206093,4007432192,15548416,5876785351,0,0,0,0,0,0,0,0,0,27,0,0,0,
908,681287656,4007964672,15548416,5876785351,0,0,0,0,0,0,0,0,0,27,0,0,0,
909,687005156,4008501248,15548416,5876785351,0,0,0,0,0,0,0,0,0,27,0,0,0,
910,677131510,4009037824,15548416,5876785351,0,0,0,0,0,0,0,0,0,27,0,0,0,
911,705722447,4019490816,15548416,5910339783,0,0,0,0,0,0,0,0,0,27,0,0,0,
912,714062031,4022366208,15548416,5910339783,0,0,0,0,0,0,0,0,0,27,0,0,0,
913,683996406,4027949056,15548416,5910347975,0,0,0,0,0,0,0,0,0,27,0,0,0,
914,690454374,4029169664,15548416,5910347975,0,0,0,0,0,0,0,0,0,27,0,0,0,
915,682757292,4032262144,15548416,5910347975,0,0,0,0,0,0,0,0,0,27,0,0,0,
916,693402083,4034936832,15548416,5910347975,0,0,0,0,0,0,0,0,0,27,0,0,0,
917,698125104,4036288512,15548416,5910347975,0,0,0,0,0,0,0,0,0,27,0,0,0,
918,717922604,4037091328,15548416,5910347975,0,0,0,0,0,0,0,0,0,27,0,0,0,
919,697965625,4040019968,15548416,5910347975,0,0,0,0,0,0,0,0,0,27,0,0,0,
920,708615989,4040736768,15548416,5910347975,0,0,0,0,0,0,0,0,0,27,0,0,0,
921,731978958,4040278016,15548416,5910347975,0,0,0,0,0,0,0,0,0,27,0,0,0,
922,688568541,4042698752,15548416,5927125191,0,0,0,0,0,0,0,0,0,27,0,0,0,
923,721577239,4046090240,15548416,5927133383,0,0,0,0,0,0,0,0,0,27,0,0,0,
924,734116145,4053581824,15548416,5927133383,0,0,0,0,0,0,0,0,0,27,0,0,0,
925,720413698,4056223744,15548416,5927133383,0,0,0,0,0,0,0,0,0,27,0,0,0,
926,731800989,4057882624,15548416,5943910599,0,0,0,0,0,0,0,0,0,27,0,0,0,
927,721970781,4058689536,15548416,5943910599,0,0,0,0,0,0,0,0,0,27,0,0,0,
928,731738906,4058841088,15548416,5943910599,0,0,0,0,0,0,0,0,0,27,0,0,0,
929,750496979,4064542720,15548416,5960687815,0,0,0,0,0,0,0,0,0,27,0,0,0,
930,749196718,4066652160,15548416,5960687815,0,0,0,0,0,0,0,0,0,27,0,0,0,
931,754493385,4071563264,15548416,5960687815,0,0,0,0,0,0,0,0,0,27,0,0,0,
932,737759479,4074987520,15548416,5960687815,0,0,0,0,0,0,0,0,0,27,0,0,0,
933,744546406,4079267840,15548416,5960696007,0,0,0,0,0,0,0,0,0,27,0,0,0,
934,762635520,4080185344,15548416,5960700103,0,0,0,0,0,0,0,0,0,27,0,0,0,
935,769866042,4081197056,15548416,5960700103,0,0,0,0,0,0,0,0,0,27,0,0,0,
936,736150625,4084404224,15548416,5960700103,0,0,0,0,0,0,0,0,0,27,0,0,0,
937,738808802,4087140352,15548416,5960700103,0,0,0,0,0,0,0,0,0,27,0,0,0,
938,764840312,4087193600,15548416,5960700103,0,0,0,0,0,0,0,0,0,27,0,0,0,
939,758419427,4087492608,15548416,5960700103,0,0,0,0,0,0,0,0,0,27,0,0,0,
940,770947500,4095913984,15548416,5994254535,0,0,0,0,0,0,0,0,0,27,0,0,0,
941,781740521,4098478080,15548416,5994254535,0,0,0,0,0,0,0,0,0,27,0,0,0,
942,768788333,4101021696,15548416,5994254535,0,0,0,0,0,0,0,0,0,27,0,0,0,
943,770247708,4103815168,15548416,5994273659,0,0,0,0,0,0,0,0,0,27,0,0,0,
944,797195520,4107587584,15548416,5994273659,0,0,0,0,0,0,0,0,0,27,0,0,0,
945,779997343,4110794752,15548416,5994273659,0,0,0,0,0,0,0,0,0,27,0,0,0,
946,788955468,4111065088,15548416,5994273659,0,0,0,0,0,0,0,0,0,27,0,0,0,
947,791430833,4112748544,15548416,5994273659,0,0,0,0,0,0,0,0,0,27,0,0,0,
948,784735677,4113022976,15548416,5994273659,0,0,0,0,0,0,0,0,0,27,0,0,0,
949,792828177,4117995520,15548416,5994273659,0,0,0,0,0,0,0,0,0,27,0,0,0,
950,782633334,4119433216,15548416,6011050875,0,0,0,0,0,0,0,0,0,27,0,0,0,
951,809290000,4131803136,15548416,6027828091,0,0,0,0,0,0,0,0,0,27,0,0,0,
952,796456875,4132732928,15548416,6027828091,0,0,0,0,0,0,0,0,0,27,0,0,0,
953,788624583,4135960576,15548416,6027847215,0,0,0,0,0,0,0,0,0,27,0,0,0,
954,787189740,4139323392,15548416,6027847215,0,0,0,0,0,0,0,0,0,27,0,0,0,
955,794871146,4141092864,15486976,6027785775,0,0,0,0,0,0,0,0,0,27,0,0,0,
956,799852656,4144226304,15486976,6027785775,0,0,0,0,0,0,0,0,0,27,0,0,0,
957,789375676,4147634176,15486976,6044562991,0,0,0,0,0,0,0,0,0,27,0,0,0,
958,815601250,4148330496,15486976,6044562991,0,0,0,0,0,0,0,0,0,27,0,0,0,
